Pokemon_Name,Pokemon_Tier,Level,HP_Percent,Status_Effect,Pokeball_Type,Catch_Result
Chansey,Rare,61,18,None,Ultra Ball,Escaped
Rayquaza,Legendary,86,12,None,Poke Ball,Escaped
Magikarp,Common,85,21,Sleep,Great Ball,Caught
Giratina,Legendary,78,99,Poison,Poke Ball,Escaped
Gible,Rare,74,80,Paralyze,Great Ball,Escaped
Gyarados,Rare,8,65,Paralyze,Ultra Ball,Caught
Scyther,Rare,49,37,None,Ultra Ball,Escaped
Bagon,Rare,63,20,Sleep,Great Ball,Caught
Magikarp,Common,39,43,Paralyze,Ultra Ball,Caught
Snorlax,Rare,48,69,Poison,Poke Ball,Escaped
Zigzagoon,Common,63,74,Sleep,Poke Ball,Escaped
Magikarp,Common,89,60,Paralyze,Ultra Ball,Caught
Bidoof,Common,66,5,Sleep,Ultra Ball,Caught
Caterpie,Common,50,84,None,Ultra Ball,Escaped
Poliwag,Common,59,68,None,Ultra Ball,Escaped
Caterpie,Common,68,8,Paralyze,Poke Ball,Caught
Magikarp,Common,24,71,Paralyze,Poke Ball,Caught
Magikarp,Common,84,43,Paralyze,Ultra Ball,Caught
Chansey,Rare,12,64,None,Ultra Ball,Escaped
Gyarados,Rare,4,30,Poison,Ultra Ball,Escaped
Zigzagoon,Common,29,41,Poison,Ultra Ball,Caught
Magikarp,Common,66,48,Sleep,Ultra Ball,Caught
Geodude,Common,85,97,None,Ultra Ball,Escaped
Caterpie,Common,85,43,Paralyze,Great Ball,Caught
Beldum,Rare,32,81,Paralyze,Poke Ball,Escaped
Lapras,Rare,68,2,None,Great Ball,Escaped
Larvitar,Rare,71,59,None,Great Ball,Escaped
Magikarp,Common,26,2,Sleep,Great Ball,Caught
Bidoof,Common,24,34,Sleep,Ultra Ball,Caught
Lapras,Rare,75,61,None,Poke Ball,Escaped
Poliwag,Common,19,25,Paralyze,Poke Ball,Caught
Arcanine,Rare,95,28,None,Poke Ball,Escaped
Zubat,Common,26,80,Sleep,Poke Ball,Escaped
Bagon,Rare,13,49,None,Great Ball,Escaped
Lapras,Rare,68,91,Sleep,Ultra Ball,Caught
Zigzagoon,Common,14,92,None,Ultra Ball,Escaped
Geodude,Common,78,41,Sleep,Poke Ball,Caught
Magikarp,Common,72,87,Poison,Poke Ball,Escaped
Bidoof,Common,16,94,Paralyze,Ultra Ball,Caught
Arcanine,Rare,45,32,Sleep,Poke Ball,Escaped
Lapras,Rare,99,59,Paralyze,Ultra Ball,Escaped
Rattata,Common,32,64,Paralyze,Ultra Ball,Caught
Arcanine,Rare,20,98,None,Ultra Ball,Escaped
Oddish,Common,59,36,None,Ultra Ball,Escaped
Snorlax,Rare,25,18,Paralyze,Ultra Ball,Caught
Caterpie,Common,94,45,None,Great Ball,Escaped
Oddish,Common,77,47,Paralyze,Poke Ball,Caught
Caterpie,Common,91,13,Sleep,Poke Ball,Caught
Zigzagoon,Common,42,70,None,Poke Ball,Escaped
Weedle,Common,83,23,Paralyze,Ultra Ball,Caught
Weedle,Common,97,84,None,Ultra Ball,Escaped
Scyther,Rare,63,70,None,Ultra Ball,Escaped
Arcanine,Rare,12,53,None,Ultra Ball,Escaped
Zigzagoon,Common,97,64,None,Poke Ball,Escaped
Pidgey,Common,82,13,Paralyze,Great Ball,Caught
Caterpie,Common,45,7,None,Poke Ball,Escaped
Sentret,Common,98,63,None,Poke Ball,Escaped
Lapras,Rare,68,24,Poison,Poke Ball,Escaped
Dratini,Rare,51,85,Sleep,Ultra Ball,Caught
Rattata,Common,63,20,None,Poke Ball,Escaped
Magikarp,Common,89,90,Sleep,Poke Ball,Escaped
Groudon,Legendary,27,34,None,Great Ball,Escaped
Scyther,Rare,71,19,Sleep,Ultra Ball,Caught
Pidgey,Common,56,38,Paralyze,Ultra Ball,Caught
Poliwag,Common,25,12,None,Poke Ball,Escaped
Bagon,Rare,66,30,None,Great Ball,Escaped
Bagon,Rare,43,51,None,Great Ball,Escaped
Oddish,Common,89,16,Paralyze,Poke Ball,Caught
Gyarados,Rare,60,23,None,Poke Ball,Escaped
Aerodactyl,Rare,93,78,Poison,Great Ball,Escaped
Rayquaza,Legendary,56,52,None,Poke Ball,Escaped
Poliwag,Common,38,44,Sleep,Ultra Ball,Caught
Arcanine,Rare,97,68,None,Ultra Ball,Escaped
Aerodactyl,Rare,68,4,Sleep,Ultra Ball,Caught
Snorlax,Rare,1,38,Paralyze,Poke Ball,Escaped
Sentret,Common,49,85,None,Ultra Ball,Escaped
Bidoof,Common,81,42,None,Great Ball,Escaped
Arcanine,Rare,51,95,Sleep,Great Ball,Escaped
Gible,Rare,61,62,Poison,Great Ball,Escaped
Weedle,Common,93,65,None,Great Ball,Escaped
Zigzagoon,Common,39,22,Poison,Great Ball,Escaped
Pidgey,Common,7,56,Paralyze,Ultra Ball,Caught
Zapdos,Legendary,83,39,Sleep,Poke Ball,Escaped
Scyther,Rare,79,48,Sleep,Ultra Ball,Caught
Zigzagoon,Common,2,40,Sleep,Poke Ball,Caught
Kyogre,Legendary,10,84,None,Great Ball,Escaped
Magikarp,Common,58,71,Paralyze,Poke Ball,Escaped
Zigzagoon,Common,55,49,None,Ultra Ball,Escaped
Scyther,Rare,11,48,None,Ultra Ball,Escaped
Lapras,Rare,87,26,Sleep,Great Ball,Escaped
Rattata,Common,52,89,None,Poke Ball,Escaped
Bidoof,Common,98,33,None,Ultra Ball,Escaped
Geodude,Common,12,86,Poison,Great Ball,Escaped
Lapras,Rare,13,62,None,Great Ball,Escaped
Articuno,Legendary,24,10,None,Ultra Ball,Escaped
Rayquaza,Legendary,21,88,Sleep,Great Ball,Escaped
Gyarados,Rare,95,43,Sleep,Great Ball,Escaped
Lapras,Rare,18,59,Sleep,Great Ball,Escaped
Scyther,Rare,52,1,Paralyze,Great Ball,Caught
Pidgey,Common,13,5,Sleep,Poke Ball,Caught
Magikarp,Common,97,40,Sleep,Poke Ball,Escaped
Scyther,Rare,92,100,Paralyze,Great Ball,Escaped
Sentret,Common,95,18,Paralyze,Ultra Ball,Caught
Gible,Rare,91,18,Paralyze,Ultra Ball,Caught
Bidoof,Common,30,84,Paralyze,Ultra Ball,Caught
Bagon,Rare,45,52,None,Great Ball,Escaped
Dialga,Legendary,42,47,None,Ultra Ball,Escaped
Zigzagoon,Common,54,18,None,Ultra Ball,Caught
Giratina,Legendary,51,43,Sleep,Great Ball,Escaped
Bagon,Rare,12,26,Sleep,Ultra Ball,Caught
Bagon,Rare,87,32,None,Great Ball,Escaped
Geodude,Common,41,63,Paralyze,Great Ball,Caught
Dialga,Legendary,4,69,Paralyze,Poke Ball,Escaped
Scyther,Rare,26,63,None,Poke Ball,Escaped
Bidoof,Common,75,47,Sleep,Poke Ball,Escaped
Oddish,Common,80,61,Paralyze,Ultra Ball,Caught
Bidoof,Common,52,18,None,Great Ball,Escaped
Rayquaza,Legendary,17,64,Paralyze,Great Ball,Escaped
Weedle,Common,59,77,None,Great Ball,Escaped
Scyther,Rare,68,49,Sleep,Poke Ball,Escaped
Lapras,Rare,49,39,Sleep,Ultra Ball,Caught
Weedle,Common,58,97,Paralyze,Poke Ball,Escaped
Beldum,Rare,82,61,Sleep,Great Ball,Escaped
Sentret,Common,37,11,Sleep,Great Ball,Caught
Geodude,Common,66,100,None,Ultra Ball,Escaped
Oddish,Common,2,47,Paralyze,Poke Ball,Caught
Zubat,Common,70,18,None,Great Ball,Caught
Weedle,Common,91,41,None,Poke Ball,Escaped
Magikarp,Common,99,6,Poison,Great Ball,Escaped
Zubat,Common,45,39,Paralyze,Poke Ball,Escaped
Caterpie,Common,92,100,None,Great Ball,Escaped
Oddish,Common,20,5,Paralyze,Ultra Ball,Caught
Kyogre,Legendary,50,32,None,Poke Ball,Escaped
Geodude,Common,45,8,Paralyze,Ultra Ball,Caught
Zigzagoon,Common,15,72,None,Great Ball,Escaped
Rattata,Common,63,24,None,Great Ball,Escaped
Bidoof,Common,57,14,None,Poke Ball,Escaped
Gyarados,Rare,9,41,Sleep,Ultra Ball,Caught
Lugia,Legendary,56,39,None,Great Ball,Escaped
Oddish,Common,27,5,Sleep,Great Ball,Caught
Sentret,Common,67,9,Sleep,Ultra Ball,Caught
Articuno,Legendary,68,64,None,Great Ball,Escaped
Zubat,Common,40,26,None,Great Ball,Escaped
Aerodactyl,Rare,83,11,None,Ultra Ball,Escaped
Bagon,Rare,16,35,Poison,Poke Ball,Escaped
Geodude,Common,55,24,None,Great Ball,Escaped
Dratini,Rare,64,87,None,Ultra Ball,Escaped
Poliwag,Common,11,32,None,Poke Ball,Escaped
Geodude,Common,53,42,Sleep,Poke Ball,Escaped
Bidoof,Common,72,25,Paralyze,Great Ball,Caught
Dratini,Rare,57,46,Paralyze,Ultra Ball,Caught
Zigzagoon,Common,95,91,Poison,Great Ball,Escaped
Bidoof,Common,21,69,Poison,Ultra Ball,Caught
Aerodactyl,Rare,40,75,None,Poke Ball,Escaped
Geodude,Common,79,46,Sleep,Great Ball,Caught
Gible,Rare,41,5,None,Poke Ball,Escaped
Zubat,Common,41,9,None,Great Ball,Caught
Zigzagoon,Common,84,96,Paralyze,Poke Ball,Escaped
Snorlax,Rare,53,78,Paralyze,Poke Ball,Escaped
Zubat,Common,79,16,None,Ultra Ball,Escaped
Zubat,Common,1,33,None,Ultra Ball,Caught
Poliwag,Common,95,99,Poison,Ultra Ball,Escaped
Sentret,Common,58,30,Paralyze,Poke Ball,Caught
Scyther,Rare,67,100,None,Poke Ball,Escaped
Gyarados,Rare,61,28,Poison,Great Ball,Escaped
Poliwag,Common,27,14,Poison,Poke Ball,Caught
Sentret,Common,22,97,None,Ultra Ball,Escaped
Rattata,Common,100,89,Sleep,Ultra Ball,Caught
Bidoof,Common,56,48,Paralyze,Poke Ball,Caught
Zigzagoon,Common,44,79,None,Poke Ball,Escaped
Ho-Oh,Legendary,76,52,None,Poke Ball,Escaped
Beldum,Rare,30,42,Poison,Poke Ball,Escaped
Zigzagoon,Common,51,44,None,Great Ball,Escaped
Larvitar,Rare,59,35,None,Great Ball,Escaped
Caterpie,Common,27,17,None,Poke Ball,Caught
Geodude,Common,86,33,Sleep,Great Ball,Caught
Caterpie,Common,20,58,None,Poke Ball,Escaped
Caterpie,Common,55,66,None,Great Ball,Escaped
Aerodactyl,Rare,4,4,None,Ultra Ball,Caught
Scyther,Rare,23,22,Sleep,Poke Ball,Escaped
Zubat,Common,62,52,None,Ultra Ball,Escaped
Bidoof,Common,72,11,Paralyze,Ultra Ball,Caught
Dratini,Rare,95,50,Sleep,Poke Ball,Escaped
Bidoof,Common,13,96,None,Great Ball,Escaped
Beldum,Rare,10,92,None,Ultra Ball,Escaped
Snorlax,Rare,64,75,Sleep,Great Ball,Escaped
Geodude,Common,56,31,Paralyze,Poke Ball,Escaped
Poliwag,Common,24,72,Sleep,Poke Ball,Escaped
Weedle,Common,97,85,Poison,Poke Ball,Escaped
Geodude,Common,76,34,Sleep,Ultra Ball,Caught
Caterpie,Common,98,37,Poison,Ultra Ball,Caught
Pidgey,Common,78,85,None,Great Ball,Escaped
Dratini,Rare,96,27,None,Poke Ball,Escaped
Poliwag,Common,94,24,None,Poke Ball,Escaped
Bidoof,Common,66,53,Sleep,Great Ball,Caught
Zubat,Common,81,14,None,Ultra Ball,Caught
Bidoof,Common,84,75,None,Great Ball,Escaped
Magikarp,Common,9,77,Poison,Ultra Ball,Caught
Scyther,Rare,11,2,Poison,Great Ball,Caught
Lapras,Rare,67,76,None,Poke Ball,Escaped
Zubat,Common,17,79,None,Ultra Ball,Caught
Aerodactyl,Rare,2,50,Sleep,Ultra Ball,Caught
Giratina,Legendary,57,45,None,Ultra Ball,Escaped
Poliwag,Common,68,62,Paralyze,Ultra Ball,Caught
Dratini,Rare,35,45,None,Ultra Ball,Escaped
Dratini,Rare,43,73,None,Great Ball,Escaped
Zapdos,Legendary,87,94,None,Ultra Ball,Escaped
Ho-Oh,Legendary,20,58,Poison,Poke Ball,Escaped
Weedle,Common,96,81,None,Poke Ball,Escaped
Bidoof,Common,10,90,None,Great Ball,Escaped
Bagon,Rare,2,97,Paralyze,Ultra Ball,Caught
Poliwag,Common,95,86,None,Poke Ball,Escaped
Sentret,Common,6,72,None,Poke Ball,Escaped
Oddish,Common,100,42,Sleep,Ultra Ball,Caught
Dratini,Rare,77,86,Paralyze,Ultra Ball,Escaped
Bagon,Rare,96,58,Paralyze,Great Ball,Escaped
Pidgey,Common,7,79,Paralyze,Poke Ball,Escaped
Aerodactyl,Rare,54,94,Poison,Ultra Ball,Escaped
Zubat,Common,18,76,None,Great Ball,Escaped
Geodude,Common,60,3,Paralyze,Poke Ball,Caught
Oddish,Common,72,59,None,Ultra Ball,Escaped
Rattata,Common,59,47,Poison,Poke Ball,Escaped
Oddish,Common,31,67,None,Ultra Ball,Escaped
Weedle,Common,21,18,Paralyze,Great Ball,Caught
Zubat,Common,48,9,None,Great Ball,Escaped
Lapras,Rare,1,68,None,Poke Ball,Escaped
Bidoof,Common,29,34,None,Great Ball,Escaped
Poliwag,Common,86,58,None,Ultra Ball,Escaped
Dratini,Rare,44,17,None,Poke Ball,Escaped
Sentret,Common,83,93,Sleep,Great Ball,Escaped
Gyarados,Rare,56,57,Sleep,Ultra Ball,Escaped
Caterpie,Common,70,20,None,Great Ball,Escaped
Oddish,Common,92,41,Sleep,Great Ball,Escaped
Pidgey,Common,81,3,Paralyze,Ultra Ball,Caught
Bidoof,Common,94,67,None,Ultra Ball,Escaped
Gyarados,Rare,89,76,Sleep,Ultra Ball,Escaped
Mewtwo,Legendary,43,70,Paralyze,Poke Ball,Escaped
Mewtwo,Legendary,88,39,None,Great Ball,Escaped
Pidgey,Common,19,21,Paralyze,Ultra Ball,Caught
Pidgey,Common,76,59,None,Poke Ball,Escaped
Arcanine,Rare,2,22,None,Great Ball,Escaped
Zubat,Common,22,73,None,Poke Ball,Escaped
Poliwag,Common,36,9,None,Ultra Ball,Caught
Bagon,Rare,20,69,None,Poke Ball,Escaped
Gyarados,Rare,17,32,Paralyze,Ultra Ball,Caught
Pidgey,Common,88,26,Poison,Ultra Ball,Escaped
Rattata,Common,4,34,Sleep,Ultra Ball,Caught
Gyarados,Rare,52,28,None,Great Ball,Escaped
Chansey,Rare,37,46,None,Ultra Ball,Escaped
Weedle,Common,5,64,None,Ultra Ball,Caught
Lapras,Rare,13,4,None,Great Ball,Escaped
Lapras,Rare,45,81,Paralyze,Poke Ball,Escaped
Magikarp,Common,27,24,None,Poke Ball,Escaped
Poliwag,Common,19,89,Paralyze,Poke Ball,Escaped
Bidoof,Common,92,35,Sleep,Great Ball,Escaped
Mewtwo,Legendary,58,35,Sleep,Ultra Ball,Escaped
Gible,Rare,87,38,Paralyze,Poke Ball,Escaped
Bidoof,Common,81,12,None,Ultra Ball,Caught
Larvitar,Rare,81,93,Sleep,Great Ball,Escaped
Rattata,Common,5,29,Sleep,Poke Ball,Caught
Lapras,Rare,9,24,Poison,Poke Ball,Escaped
Geodude,Common,100,66,Paralyze,Great Ball,Escaped
Magikarp,Common,94,51,Poison,Great Ball,Escaped
Rattata,Common,35,26,None,Poke Ball,Escaped
Gible,Rare,85,87,None,Great Ball,Escaped
Poliwag,Common,57,96,None,Great Ball,Escaped
Oddish,Common,47,65,None,Great Ball,Escaped
Pidgey,Common,63,80,Sleep,Great Ball,Escaped
Arcanine,Rare,55,44,None,Ultra Ball,Escaped
Scyther,Rare,51,60,Sleep,Great Ball,Escaped
Rattata,Common,16,87,None,Poke Ball,Escaped
Bidoof,Common,59,3,None,Ultra Ball,Caught
Larvitar,Rare,27,14,Paralyze,Ultra Ball,Caught
Oddish,Common,41,51,None,Ultra Ball,Escaped
Gible,Rare,96,65,None,Ultra Ball,Escaped
Oddish,Common,53,29,None,Ultra Ball,Caught
Rattata,Common,43,37,None,Ultra Ball,Caught
Caterpie,Common,22,1,Paralyze,Poke Ball,Caught
Beldum,Rare,22,31,Paralyze,Ultra Ball,Caught
Rattata,Common,72,28,Paralyze,Great Ball,Caught
Weedle,Common,25,97,None,Poke Ball,Escaped
Sentret,Common,22,87,Sleep,Poke Ball,Escaped
Rattata,Common,60,67,None,Great Ball,Escaped
Zapdos,Legendary,86,88,Paralyze,Poke Ball,Escaped
Larvitar,Rare,83,2,None,Ultra Ball,Caught
Aerodactyl,Rare,65,23,None,Ultra Ball,Escaped
Caterpie,Common,7,34,Paralyze,Poke Ball,Caught
Lapras,Rare,34,82,Sleep,Ultra Ball,Escaped
Bidoof,Common,10,11,None,Great Ball,Caught
Zubat,Common,68,57,None,Great Ball,Escaped
Magikarp,Common,22,62,Sleep,Poke Ball,Escaped
Bidoof,Common,78,31,None,Poke Ball,Escaped
Weedle,Common,15,69,Poison,Ultra Ball,Caught
Zigzagoon,Common,76,97,None,Poke Ball,Escaped
Mewtwo,Legendary,22,46,None,Poke Ball,Escaped
Caterpie,Common,46,5,None,Ultra Ball,Caught
Zigzagoon,Common,20,60,None,Poke Ball,Escaped
Sentret,Common,71,73,Paralyze,Poke Ball,Escaped
Sentret,Common,80,74,Sleep,Ultra Ball,Escaped
Poliwag,Common,77,3,None,Poke Ball,Escaped
Rayquaza,Legendary,83,60,None,Ultra Ball,Escaped
Bidoof,Common,3,92,None,Ultra Ball,Caught
Zubat,Common,68,64,None,Ultra Ball,Escaped
Rattata,Common,62,51,None,Poke Ball,Escaped
Bidoof,Common,9,76,None,Ultra Ball,Caught
Caterpie,Common,88,47,None,Poke Ball,Escaped
Beldum,Rare,39,98,None,Great Ball,Escaped
Poliwag,Common,26,80,Paralyze,Poke Ball,Escaped
Gible,Rare,39,31,Sleep,Ultra Ball,Caught
Articuno,Legendary,19,95,None,Great Ball,Escaped
Scyther,Rare,87,26,None,Poke Ball,Escaped
Rattata,Common,82,77,Paralyze,Ultra Ball,Escaped
Bidoof,Common,33,93,Sleep,Poke Ball,Escaped
Oddish,Common,87,96,Poison,Great Ball,Escaped
Zubat,Common,16,63,None,Great Ball,Escaped
Sentret,Common,31,7,Sleep,Ultra Ball,Caught
Caterpie,Common,29,54,None,Poke Ball,Escaped
Magikarp,Common,46,76,None,Poke Ball,Escaped
Palkia,Legendary,46,1,Poison,Ultra Ball,Escaped
Zigzagoon,Common,91,58,Poison,Poke Ball,Escaped
Bagon,Rare,97,81,Poison,Poke Ball,Escaped
Rattata,Common,84,26,None,Ultra Ball,Escaped
Zigzagoon,Common,25,87,Paralyze,Ultra Ball,Caught
Mewtwo,Legendary,97,73,None,Great Ball,Escaped
Geodude,Common,56,10,Sleep,Ultra Ball,Caught
Sentret,Common,33,47,None,Ultra Ball,Caught
Magikarp,Common,9,83,Paralyze,Ultra Ball,Caught
Chansey,Rare,82,100,Sleep,Ultra Ball,Escaped
Pidgey,Common,18,68,Paralyze,Poke Ball,Escaped
Magikarp,Common,60,43,None,Poke Ball,Escaped
Gible,Rare,59,25,Paralyze,Poke Ball,Escaped
Geodude,Common,41,87,Sleep,Ultra Ball,Caught
Weedle,Common,26,32,Paralyze,Poke Ball,Escaped
Zigzagoon,Common,64,62,None,Great Ball,Escaped
Pidgey,Common,4,10,Paralyze,Poke Ball,Caught
Pidgey,Common,91,81,Paralyze,Ultra Ball,Caught
Bagon,Rare,86,10,None,Ultra Ball,Escaped
Chansey,Rare,13,99,None,Poke Ball,Escaped
Sentret,Common,46,67,None,Poke Ball,Escaped
Gyarados,Rare,97,55,None,Ultra Ball,Escaped
Weedle,Common,34,65,None,Great Ball,Escaped
Rattata,Common,31,76,Paralyze,Great Ball,Escaped
Zapdos,Legendary,93,51,None,Great Ball,Escaped
Oddish,Common,41,25,None,Ultra Ball,Escaped
Gyarados,Rare,67,87,None,Ultra Ball,Escaped
Magikarp,Common,78,42,None,Ultra Ball,Caught
Lugia,Legendary,4,83,Sleep,Poke Ball,Escaped
Dratini,Rare,63,44,None,Ultra Ball,Escaped
Arcanine,Rare,22,16,Sleep,Poke Ball,Escaped
Sentret,Common,80,45,None,Poke Ball,Escaped
Geodude,Common,68,76,None,Great Ball,Escaped
Bagon,Rare,86,14,None,Great Ball,Escaped
Zubat,Common,34,8,None,Poke Ball,Escaped
Aerodactyl,Rare,56,51,Sleep,Poke Ball,Escaped
Caterpie,Common,30,60,Paralyze,Poke Ball,Escaped
Gible,Rare,46,92,Sleep,Great Ball,Escaped
Bidoof,Common,86,79,Paralyze,Ultra Ball,Caught
Zubat,Common,15,80,Paralyze,Great Ball,Caught
Oddish,Common,80,2,Poison,Great Ball,Caught
Magikarp,Common,57,99,None,Great Ball,Escaped
Magikarp,Common,56,9,None,Ultra Ball,Caught
Caterpie,Common,3,96,Sleep,Great Ball,Caught
Gible,Rare,20,84,None,Poke Ball,Escaped
Bidoof,Common,79,37,None,Great Ball,Escaped
Sentret,Common,5,21,Paralyze,Great Ball,Caught
Caterpie,Common,64,98,None,Ultra Ball,Escaped
Zigzagoon,Common,96,81,None,Ultra Ball,Escaped
Pidgey,Common,64,73,None,Poke Ball,Escaped
Poliwag,Common,66,50,None,Poke Ball,Escaped
Geodude,Common,92,94,None,Great Ball,Escaped
Caterpie,Common,81,63,None,Poke Ball,Escaped
Mewtwo,Legendary,92,18,Sleep,Poke Ball,Escaped
Sentret,Common,59,73,None,Great Ball,Escaped
Rayquaza,Legendary,75,2,Sleep,Poke Ball,Escaped
Sentret,Common,9,81,None,Ultra Ball,Caught
Sentret,Common,10,41,None,Great Ball,Caught
Dratini,Rare,3,18,None,Great Ball,Caught
Mewtwo,Legendary,14,15,Sleep,Ultra Ball,Escaped
Aerodactyl,Rare,33,83,Sleep,Poke Ball,Escaped
Bidoof,Common,84,84,None,Ultra Ball,Escaped
Bidoof,Common,79,94,Poison,Great Ball,Escaped
Geodude,Common,84,53,None,Poke Ball,Escaped
Caterpie,Common,4,25,None,Ultra Ball,Caught
Caterpie,Common,14,52,Paralyze,Great Ball,Caught
Zubat,Common,97,69,Paralyze,Great Ball,Escaped
Rayquaza,Legendary,59,68,None,Ultra Ball,Escaped
Pidgey,Common,40,90,None,Great Ball,Escaped
Larvitar,Rare,29,92,Paralyze,Ultra Ball,Caught
Poliwag,Common,18,28,None,Poke Ball,Escaped
Beldum,Rare,49,37,None,Poke Ball,Escaped
Geodude,Common,51,14,Poison,Ultra Ball,Caught
Kyogre,Legendary,79,1,None,Poke Ball,Escaped
Caterpie,Common,27,27,None,Great Ball,Escaped
Larvitar,Rare,75,42,None,Poke Ball,Escaped
Snorlax,Rare,41,95,None,Great Ball,Escaped
Snorlax,Rare,85,86,None,Poke Ball,Escaped
Poliwag,Common,40,30,None,Poke Ball,Escaped
Lapras,Rare,82,88,None,Ultra Ball,Escaped
Arcanine,Rare,70,45,None,Poke Ball,Escaped
Gyarados,Rare,42,24,None,Ultra Ball,Escaped
Magikarp,Common,65,51,Sleep,Ultra Ball,Caught
Mewtwo,Legendary,51,42,Sleep,Ultra Ball,Escaped
Chansey,Rare,89,36,Sleep,Ultra Ball,Escaped
Dialga,Legendary,78,10,Sleep,Ultra Ball,Escaped
Groudon,Legendary,10,90,None,Great Ball,Escaped
Magikarp,Common,20,57,Poison,Ultra Ball,Caught
Caterpie,Common,37,96,None,Poke Ball,Escaped
Dialga,Legendary,44,2,None,Great Ball,Escaped
Sentret,Common,55,86,None,Ultra Ball,Escaped
Zigzagoon,Common,56,77,None,Great Ball,Escaped
Gyarados,Rare,98,61,None,Great Ball,Escaped
Arcanine,Rare,19,92,None,Great Ball,Escaped
Larvitar,Rare,37,68,None,Great Ball,Escaped
Pidgey,Common,48,8,None,Poke Ball,Escaped
Caterpie,Common,11,14,None,Ultra Ball,Caught
Weedle,Common,50,100,Paralyze,Poke Ball,Escaped
Poliwag,Common,59,28,None,Ultra Ball,Caught
Zubat,Common,7,99,Poison,Poke Ball,Escaped
Geodude,Common,64,59,None,Ultra Ball,Escaped
Zubat,Common,33,40,None,Poke Ball,Escaped
Pidgey,Common,26,32,Sleep,Poke Ball,Caught
Caterpie,Common,71,58,Paralyze,Poke Ball,Escaped
Caterpie,Common,65,98,Paralyze,Poke Ball,Escaped
Geodude,Common,9,95,None,Great Ball,Escaped
Bagon,Rare,67,45,Paralyze,Ultra Ball,Caught
Poliwag,Common,50,97,None,Great Ball,Escaped
Arcanine,Rare,68,70,Poison,Great Ball,Escaped
Pidgey,Common,68,1,Poison,Ultra Ball,Caught
Pidgey,Common,88,53,None,Great Ball,Escaped
Magikarp,Common,8,13,Poison,Ultra Ball,Caught
Sentret,Common,89,47,Paralyze,Poke Ball,Caught
Rayquaza,Legendary,11,8,None,Ultra Ball,Escaped
Bidoof,Common,96,68,Paralyze,Great Ball,Escaped
Weedle,Common,67,20,Paralyze,Great Ball,Caught
Weedle,Common,78,79,Sleep,Great Ball,Escaped
Magikarp,Common,52,21,None,Great Ball,Escaped
Lapras,Rare,48,72,Paralyze,Poke Ball,Escaped
Beldum,Rare,92,77,Sleep,Poke Ball,Escaped
Poliwag,Common,59,49,Sleep,Poke Ball,Caught
Aerodactyl,Rare,74,38,Paralyze,Great Ball,Escaped
Sentret,Common,79,50,Sleep,Ultra Ball,Caught
Aerodactyl,Rare,81,27,None,Great Ball,Escaped
Geodude,Common,53,45,Sleep,Poke Ball,Caught
Magikarp,Common,12,3,Paralyze,Great Ball,Caught
Snorlax,Rare,13,52,Sleep,Ultra Ball,Caught
Snorlax,Rare,67,67,None,Ultra Ball,Escaped
Rattata,Common,18,60,Sleep,Ultra Ball,Caught
Poliwag,Common,27,77,Poison,Ultra Ball,Caught
Aerodactyl,Rare,13,36,Paralyze,Poke Ball,Escaped
Magikarp,Common,61,45,None,Great Ball,Escaped
Gyarados,Rare,91,51,Paralyze,Great Ball,Escaped
Zubat,Common,12,15,Poison,Great Ball,Caught
Rattata,Common,60,98,None,Ultra Ball,Escaped
Poliwag,Common,76,30,None,Great Ball,Escaped
Zigzagoon,Common,80,15,Poison,Great Ball,Escaped
Scyther,Rare,51,22,Sleep,Ultra Ball,Caught
Poliwag,Common,23,47,None,Ultra Ball,Caught
Poliwag,Common,13,16,None,Poke Ball,Caught
Pidgey,Common,85,54,None,Ultra Ball,Escaped
Beldum,Rare,37,56,None,Ultra Ball,Escaped
Bagon,Rare,76,74,None,Great Ball,Escaped
Weedle,Common,41,32,Paralyze,Poke Ball,Caught
Arcanine,Rare,54,43,None,Great Ball,Escaped
Scyther,Rare,23,92,Paralyze,Ultra Ball,Caught
Sentret,Common,72,56,None,Poke Ball,Escaped
Poliwag,Common,87,53,None,Ultra Ball,Escaped
Poliwag,Common,88,59,Paralyze,Poke Ball,Escaped
Zubat,Common,87,47,Sleep,Ultra Ball,Caught
Snorlax,Rare,17,5,Poison,Great Ball,Caught
Sentret,Common,10,9,Paralyze,Ultra Ball,Caught
Lapras,Rare,42,90,Sleep,Great Ball,Escaped
Poliwag,Common,56,12,None,Ultra Ball,Caught
Aerodactyl,Rare,97,94,Paralyze,Poke Ball,Escaped
Magikarp,Common,9,18,None,Great Ball,Caught
Oddish,Common,84,56,None,Poke Ball,Escaped
Snorlax,Rare,33,65,Paralyze,Ultra Ball,Caught
Sentret,Common,46,26,Poison,Ultra Ball,Caught
Bagon,Rare,36,95,None,Great Ball,Escaped
Oddish,Common,39,6,Sleep,Great Ball,Caught
Weedle,Common,81,100,Paralyze,Ultra Ball,Caught
Dratini,Rare,90,69,None,Poke Ball,Escaped
Pidgey,Common,62,34,None,Ultra Ball,Caught
Beldum,Rare,7,7,Paralyze,Great Ball,Caught
Bagon,Rare,48,34,None,Poke Ball,Escaped
Caterpie,Common,10,93,Paralyze,Ultra Ball,Caught
Dratini,Rare,58,31,None,Poke Ball,Escaped
Zubat,Common,75,77,Paralyze,Great Ball,Escaped
Gible,Rare,59,55,Poison,Great Ball,Escaped
Lapras,Rare,20,81,None,Ultra Ball,Escaped
Snorlax,Rare,10,29,Sleep,Ultra Ball,Caught
Magikarp,Common,54,22,None,Poke Ball,Escaped
Palkia,Legendary,97,7,None,Great Ball,Escaped
Pidgey,Common,6,10,Sleep,Poke Ball,Caught
Bidoof,Common,31,29,None,Great Ball,Escaped
Oddish,Common,67,48,None,Poke Ball,Escaped
Scyther,Rare,12,80,None,Great Ball,Escaped
Beldum,Rare,22,51,Sleep,Great Ball,Escaped
Dratini,Rare,15,71,Sleep,Great Ball,Escaped
Caterpie,Common,94,75,Sleep,Ultra Ball,Escaped
Pidgey,Common,20,15,None,Ultra Ball,Caught
Lapras,Rare,77,92,None,Great Ball,Escaped
Zubat,Common,78,98,Sleep,Poke Ball,Escaped
Oddish,Common,23,69,Sleep,Poke Ball,Caught
Pidgey,Common,32,75,Poison,Poke Ball,Escaped
Kyogre,Legendary,89,27,Poison,Ultra Ball,Escaped
Bidoof,Common,30,90,None,Great Ball,Escaped
Bagon,Rare,37,24,Sleep,Great Ball,Caught
Zubat,Common,15,39,Paralyze,Ultra Ball,Caught
Weedle,Common,83,95,Sleep,Great Ball,Escaped
Geodude,Common,100,30,None,Great Ball,Escaped
Rattata,Common,50,45,Sleep,Ultra Ball,Caught
Sentret,Common,22,4,None,Poke Ball,Escaped
Oddish,Common,33,58,None,Ultra Ball,Escaped
Poliwag,Common,7,93,Sleep,Ultra Ball,Caught
Dialga,Legendary,55,37,Sleep,Ultra Ball,Escaped
Dratini,Rare,100,76,None,Great Ball,Escaped
Arcanine,Rare,80,97,Paralyze,Great Ball,Escaped
Pidgey,Common,97,99,None,Ultra Ball,Escaped
Weedle,Common,93,90,Sleep,Poke Ball,Escaped
Bagon,Rare,70,1,Sleep,Ultra Ball,Caught
Bidoof,Common,28,74,Paralyze,Great Ball,Caught
Geodude,Common,4,67,Sleep,Poke Ball,Escaped
Bagon,Rare,22,29,Paralyze,Poke Ball,Escaped
Mewtwo,Legendary,90,31,Poison,Ultra Ball,Escaped
Gible,Rare,86,97,Sleep,Great Ball,Escaped
Magikarp,Common,7,54,None,Great Ball,Escaped
Geodude,Common,64,20,Paralyze,Ultra Ball,Caught
Lapras,Rare,81,25,None,Poke Ball,Escaped
Pidgey,Common,85,64,Poison,Ultra Ball,Escaped
Beldum,Rare,11,45,None,Poke Ball,Escaped
Caterpie,Common,49,8,None,Ultra Ball,Caught
Oddish,Common,94,99,Paralyze,Poke Ball,Escaped
Geodude,Common,83,15,None,Great Ball,Caught
Zigzagoon,Common,14,15,None,Ultra Ball,Caught
Weedle,Common,58,26,Paralyze,Ultra Ball,Caught
Zigzagoon,Common,47,45,None,Poke Ball,Escaped
Aerodactyl,Rare,88,93,None,Poke Ball,Escaped
Mewtwo,Legendary,77,41,None,Poke Ball,Escaped
Weedle,Common,35,7,None,Great Ball,Escaped
Sentret,Common,85,90,None,Ultra Ball,Escaped
Pidgey,Common,31,88,Paralyze,Poke Ball,Escaped
Chansey,Rare,46,81,None,Great Ball,Escaped
Caterpie,Common,39,5,Paralyze,Ultra Ball,Caught
Rayquaza,Legendary,26,82,Poison,Poke Ball,Escaped
Sentret,Common,52,14,None,Great Ball,Caught
Beldum,Rare,15,88,None,Great Ball,Escaped
Bidoof,Common,13,100,Poison,Ultra Ball,Caught
Bidoof,Common,38,87,None,Ultra Ball,Caught
Oddish,Common,44,50,Poison,Ultra Ball,Caught
Arceus,Legendary,51,71,Paralyze,Poke Ball,Escaped
Gyarados,Rare,68,58,None,Ultra Ball,Escaped
Aerodactyl,Rare,73,65,None,Great Ball,Escaped
Arceus,Legendary,84,77,Poison,Poke Ball,Escaped
Dialga,Legendary,44,95,Paralyze,Poke Ball,Escaped
Pidgey,Common,96,13,None,Poke Ball,Escaped
Oddish,Common,52,43,Paralyze,Ultra Ball,Caught
Oddish,Common,63,53,Sleep,Poke Ball,Escaped
Arceus,Legendary,99,35,None,Poke Ball,Escaped
Poliwag,Common,11,91,Paralyze,Great Ball,Caught
Gyarados,Rare,26,22,Poison,Ultra Ball,Escaped
Geodude,Common,94,25,Poison,Ultra Ball,Caught
Aerodactyl,Rare,44,22,Paralyze,Poke Ball,Escaped
Weedle,Common,89,31,Sleep,Poke Ball,Escaped
Poliwag,Common,65,89,None,Great Ball,Escaped
Sentret,Common,97,58,None,Ultra Ball,Escaped
Rayquaza,Legendary,21,41,None,Ultra Ball,Escaped
Poliwag,Common,72,29,Paralyze,Great Ball,Caught
Geodude,Common,29,28,None,Ultra Ball,Caught
Chansey,Rare,59,72,None,Ultra Ball,Escaped
Bagon,Rare,81,69,Paralyze,Ultra Ball,Escaped
Arceus,Legendary,99,88,None,Ultra Ball,Escaped
Dialga,Legendary,78,17,None,Great Ball,Escaped
Rattata,Common,12,55,Paralyze,Great Ball,Escaped
Zubat,Common,85,67,Sleep,Great Ball,Escaped
Zubat,Common,65,11,Poison,Poke Ball,Escaped
Sentret,Common,62,76,Paralyze,Poke Ball,Escaped
Weedle,Common,71,67,None,Ultra Ball,Escaped
Rattata,Common,45,54,None,Ultra Ball,Escaped
Dratini,Rare,7,34,Paralyze,Poke Ball,Caught
Zigzagoon,Common,55,83,Paralyze,Ultra Ball,Caught
Weedle,Common,21,76,None,Poke Ball,Escaped
Snorlax,Rare,29,80,Poison,Great Ball,Escaped
Rattata,Common,100,99,None,Great Ball,Escaped
Pidgey,Common,26,27,None,Ultra Ball,Caught
Zubat,Common,49,94,None,Ultra Ball,Escaped
Poliwag,Common,11,11,Sleep,Great Ball,Caught
Pidgey,Common,63,60,None,Ultra Ball,Escaped
Oddish,Common,54,94,None,Ultra Ball,Caught
Gyarados,Rare,13,7,Paralyze,Poke Ball,Caught
Zapdos,Legendary,26,38,Poison,Great Ball,Escaped
Pidgey,Common,39,28,None,Poke Ball,Escaped
Pidgey,Common,46,44,Paralyze,Great Ball,Caught
Gyarados,Rare,56,71,None,Poke Ball,Escaped
Poliwag,Common,84,13,Sleep,Poke Ball,Escaped
Bidoof,Common,37,64,None,Poke Ball,Escaped
Geodude,Common,58,33,Poison,Ultra Ball,Caught
Gyarados,Rare,73,66,Paralyze,Great Ball,Escaped
Snorlax,Rare,51,41,Poison,Great Ball,Escaped
Gible,Rare,61,82,Paralyze,Ultra Ball,Caught
Pidgey,Common,90,4,Sleep,Ultra Ball,Caught
Lapras,Rare,93,15,Poison,Great Ball,Escaped
Scyther,Rare,83,46,None,Poke Ball,Escaped
Sentret,Common,93,77,Sleep,Ultra Ball,Caught
Geodude,Common,47,87,Sleep,Ultra Ball,Caught
Mewtwo,Legendary,82,28,Paralyze,Ultra Ball,Escaped
Dratini,Rare,19,29,None,Great Ball,Escaped
Chansey,Rare,52,18,Sleep,Ultra Ball,Caught
Poliwag,Common,86,87,Sleep,Ultra Ball,Escaped
Lugia,Legendary,45,5,None,Great Ball,Escaped
Zigzagoon,Common,50,54,Paralyze,Poke Ball,Escaped
Pidgey,Common,59,44,Sleep,Great Ball,Caught
Oddish,Common,71,52,None,Great Ball,Escaped
Zubat,Common,73,16,None,Poke Ball,Escaped
Zigzagoon,Common,97,69,None,Ultra Ball,Escaped
Weedle,Common,4,26,None,Great Ball,Escaped
Gible,Rare,68,80,Sleep,Poke Ball,Escaped
Zubat,Common,12,83,Sleep,Ultra Ball,Caught
Zubat,Common,9,4,None,Great Ball,Caught
Giratina,Legendary,5,66,Poison,Ultra Ball,Escaped
Zubat,Common,43,41,Sleep,Great Ball,Caught
Gyarados,Rare,6,88,None,Ultra Ball,Escaped
Poliwag,Common,19,18,Sleep,Great Ball,Caught
Gible,Rare,71,63,None,Great Ball,Escaped
Zubat,Common,99,98,Paralyze,Ultra Ball,Escaped
Zigzagoon,Common,54,86,Sleep,Poke Ball,Escaped
Poliwag,Common,35,21,None,Ultra Ball,Caught
Gible,Rare,82,30,Paralyze,Poke Ball,Escaped
Geodude,Common,85,15,Sleep,Poke Ball,Escaped
Oddish,Common,34,58,Paralyze,Ultra Ball,Caught
Chansey,Rare,15,87,None,Great Ball,Escaped
Zubat,Common,89,42,Sleep,Poke Ball,Escaped
Zigzagoon,Common,78,93,Paralyze,Poke Ball,Escaped
Caterpie,Common,15,37,Sleep,Great Ball,Caught
Bagon,Rare,24,53,None,Great Ball,Escaped
Poliwag,Common,40,50,Sleep,Poke Ball,Caught
Caterpie,Common,92,30,Poison,Poke Ball,Escaped
Snorlax,Rare,28,87,Sleep,Great Ball,Escaped
Zubat,Common,85,45,Sleep,Ultra Ball,Caught
Rattata,Common,94,98,None,Ultra Ball,Escaped
Zubat,Common,23,72,None,Poke Ball,Escaped
Oddish,Common,9,36,Poison,Great Ball,Escaped
Poliwag,Common,64,12,None,Ultra Ball,Caught
Zigzagoon,Common,25,41,Sleep,Ultra Ball,Caught
Arcanine,Rare,30,43,None,Ultra Ball,Escaped
Bidoof,Common,72,16,None,Poke Ball,Escaped
Bidoof,Common,12,57,Sleep,Great Ball,Caught
Aerodactyl,Rare,81,44,Poison,Great Ball,Escaped
Poliwag,Common,10,92,Paralyze,Great Ball,Caught
Geodude,Common,2,98,None,Great Ball,Escaped
Bidoof,Common,2,31,None,Poke Ball,Escaped
Bidoof,Common,98,88,Paralyze,Great Ball,Escaped
Caterpie,Common,42,74,None,Ultra Ball,Escaped
Oddish,Common,13,33,Sleep,Great Ball,Caught
Sentret,Common,81,45,Paralyze,Ultra Ball,Caught
Zigzagoon,Common,56,20,None,Ultra Ball,Caught
Scyther,Rare,14,63,None,Poke Ball,Escaped
Beldum,Rare,1,43,Paralyze,Poke Ball,Escaped
Sentret,Common,13,48,None,Ultra Ball,Caught
Zubat,Common,16,45,Poison,Ultra Ball,Caught
Kyogre,Legendary,72,21,None,Poke Ball,Escaped
Zubat,Common,59,65,None,Poke Ball,Escaped
Magikarp,Common,7,60,None,Poke Ball,Escaped
Geodude,Common,37,44,None,Poke Ball,Escaped
Zigzagoon,Common,4,65,Sleep,Poke Ball,Escaped
Sentret,Common,60,18,Paralyze,Poke Ball,Caught
Bagon,Rare,29,3,Paralyze,Poke Ball,Caught
Geodude,Common,25,84,None,Poke Ball,Escaped
Rattata,Common,96,28,Paralyze,Great Ball,Escaped
Poliwag,Common,60,10,Sleep,Great Ball,Caught
Snorlax,Rare,52,93,None,Poke Ball,Escaped
Lapras,Rare,72,99,Poison,Ultra Ball,Escaped
Palkia,Legendary,12,100,Sleep,Great Ball,Escaped
Pidgey,Common,50,59,Sleep,Poke Ball,Escaped
Gible,Rare,85,33,Poison,Poke Ball,Escaped
Bagon,Rare,79,58,Sleep,Ultra Ball,Escaped
Oddish,Common,43,59,Sleep,Poke Ball,Escaped
Dratini,Rare,48,43,None,Ultra Ball,Escaped
Dialga,Legendary,86,76,Poison,Ultra Ball,Escaped
Sentret,Common,42,33,Paralyze,Poke Ball,Caught
Lapras,Rare,38,40,None,Great Ball,Escaped
Gyarados,Rare,42,48,None,Ultra Ball,Escaped
Rattata,Common,2,90,Sleep,Ultra Ball,Caught
Oddish,Common,27,6,Paralyze,Great Ball,Caught
Larvitar,Rare,21,84,None,Great Ball,Escaped
Rattata,Common,80,5,None,Great Ball,Escaped
Aerodactyl,Rare,70,20,None,Poke Ball,Escaped
Lapras,Rare,64,2,None,Ultra Ball,Escaped
Dratini,Rare,38,72,None,Poke Ball,Escaped
Sentret,Common,31,74,None,Poke Ball,Escaped
Oddish,Common,64,69,Paralyze,Ultra Ball,Caught
Rayquaza,Legendary,45,15,None,Great Ball,Escaped
Lapras,Rare,64,47,Sleep,Poke Ball,Escaped
Larvitar,Rare,63,76,None,Poke Ball,Escaped
Bidoof,Common,51,96,Paralyze,Ultra Ball,Caught
Bidoof,Common,4,7,Sleep,Poke Ball,Caught
Magikarp,Common,98,25,Poison,Ultra Ball,Caught
Weedle,Common,35,68,None,Great Ball,Escaped
Gible,Rare,93,34,Paralyze,Ultra Ball,Escaped
Gible,Rare,28,93,Sleep,Great Ball,Escaped
Geodude,Common,13,14,Paralyze,Great Ball,Caught
Zubat,Common,8,5,Paralyze,Ultra Ball,Caught
Rattata,Common,56,10,None,Great Ball,Caught
Ho-Oh,Legendary,53,69,None,Poke Ball,Escaped
Poliwag,Common,85,87,Paralyze,Poke Ball,Escaped
Pidgey,Common,53,26,None,Great Ball,Escaped
Zubat,Common,27,79,None,Great Ball,Escaped
Chansey,Rare,51,16,None,Poke Ball,Escaped
Zigzagoon,Common,66,100,None,Ultra Ball,Escaped
Scyther,Rare,86,3,Paralyze,Ultra Ball,Caught
Poliwag,Common,29,16,None,Poke Ball,Caught
Bidoof,Common,35,70,None,Great Ball,Escaped
Bidoof,Common,32,43,None,Poke Ball,Escaped
Chansey,Rare,17,64,None,Poke Ball,Escaped
Rattata,Common,99,33,Poison,Poke Ball,Escaped
Gible,Rare,53,29,Sleep,Poke Ball,Escaped
Weedle,Common,74,71,None,Ultra Ball,Escaped
Weedle,Common,16,71,None,Poke Ball,Escaped
Beldum,Rare,44,4,None,Ultra Ball,Escaped
Sentret,Common,75,78,None,Great Ball,Escaped
Beldum,Rare,79,65,Paralyze,Ultra Ball,Escaped
Bidoof,Common,92,6,Paralyze,Ultra Ball,Caught
Sentret,Common,74,5,None,Ultra Ball,Caught
Poliwag,Common,30,42,None,Ultra Ball,Caught
Gible,Rare,78,22,Poison,Great Ball,Escaped
Geodude,Common,70,62,Paralyze,Great Ball,Caught
Poliwag,Common,41,83,None,Poke Ball,Escaped
Magikarp,Common,99,2,None,Ultra Ball,Caught
Arcanine,Rare,92,17,Paralyze,Great Ball,Escaped
Bidoof,Common,32,77,Paralyze,Poke Ball,Escaped
Poliwag,Common,69,28,None,Great Ball,Escaped
Oddish,Common,40,80,Paralyze,Ultra Ball,Caught
Zapdos,Legendary,29,47,None,Ultra Ball,Escaped
Gible,Rare,96,79,Poison,Ultra Ball,Escaped
Zigzagoon,Common,87,45,None,Ultra Ball,Caught
Sentret,Common,37,44,None,Ultra Ball,Caught
Bagon,Rare,11,63,Paralyze,Ultra Ball,Caught
Zigzagoon,Common,33,80,Paralyze,Poke Ball,Escaped
Rattata,Common,84,65,None,Poke Ball,Escaped
Magikarp,Common,33,65,Paralyze,Ultra Ball,Caught
Snorlax,Rare,98,61,None,Ultra Ball,Escaped
Dratini,Rare,6,39,None,Great Ball,Escaped
Dratini,Rare,87,73,Paralyze,Poke Ball,Escaped
Arceus,Legendary,33,11,None,Poke Ball,Escaped
Bagon,Rare,49,27,None,Great Ball,Escaped
Lapras,Rare,54,52,None,Great Ball,Escaped
Ho-Oh,Legendary,17,82,Paralyze,Ultra Ball,Escaped
Caterpie,Common,17,66,None,Poke Ball,Escaped
Palkia,Legendary,97,59,None,Poke Ball,Escaped
Oddish,Common,82,83,Sleep,Poke Ball,Escaped
Ho-Oh,Legendary,16,83,None,Ultra Ball,Escaped
Sentret,Common,1,93,None,Poke Ball,Escaped
Weedle,Common,81,47,Paralyze,Poke Ball,Escaped
Pidgey,Common,72,84,None,Great Ball,Escaped
Magikarp,Common,98,94,None,Ultra Ball,Escaped
Caterpie,Common,5,96,Paralyze,Ultra Ball,Caught
Ho-Oh,Legendary,45,22,None,Poke Ball,Escaped
Pidgey,Common,55,23,Poison,Poke Ball,Escaped
Kyogre,Legendary,71,58,None,Poke Ball,Escaped
Rattata,Common,1,24,None,Great Ball,Escaped
Caterpie,Common,65,57,None,Poke Ball,Escaped
Poliwag,Common,17,45,None,Ultra Ball,Caught
Zigzagoon,Common,39,91,Sleep,Poke Ball,Escaped
Geodude,Common,56,8,Sleep,Poke Ball,Caught
Geodude,Common,2,45,None,Great Ball,Escaped
Oddish,Common,18,32,Poison,Poke Ball,Caught
Bagon,Rare,7,97,None,Great Ball,Escaped
Zigzagoon,Common,41,46,None,Great Ball,Escaped
Arcanine,Rare,45,45,None,Ultra Ball,Escaped
Rayquaza,Legendary,39,16,Poison,Ultra Ball,Escaped
Pidgey,Common,100,67,Paralyze,Ultra Ball,Caught
Snorlax,Rare,96,42,None,Ultra Ball,Escaped
Arcanine,Rare,72,42,Sleep,Great Ball,Escaped
Dratini,Rare,26,24,Poison,Ultra Ball,Escaped
Zigzagoon,Common,79,16,None,Ultra Ball,Caught
Articuno,Legendary,73,52,Sleep,Poke Ball,Escaped
Zubat,Common,23,31,None,Great Ball,Caught
Larvitar,Rare,27,53,None,Great Ball,Escaped
Geodude,Common,78,76,None,Ultra Ball,Escaped
Geodude,Common,69,22,Poison,Great Ball,Escaped
Dratini,Rare,2,69,Sleep,Poke Ball,Escaped
Chansey,Rare,28,97,None,Ultra Ball,Escaped
Groudon,Legendary,45,86,Sleep,Poke Ball,Escaped
Bagon,Rare,39,71,None,Ultra Ball,Escaped
Lapras,Rare,80,15,Sleep,Ultra Ball,Caught
Dialga,Legendary,93,74,Poison,Great Ball,Escaped
Zapdos,Legendary,28,6,Paralyze,Great Ball,Escaped
Bidoof,Common,12,17,None,Poke Ball,Escaped
Dratini,Rare,97,27,Poison,Poke Ball,Escaped
Geodude,Common,34,61,None,Great Ball,Escaped
Sentret,Common,38,61,None,Poke Ball,Escaped
Scyther,Rare,82,16,Sleep,Poke Ball,Escaped
Gyarados,Rare,45,96,None,Poke Ball,Escaped
Oddish,Common,22,1,Sleep,Great Ball,Caught
Poliwag,Common,34,87,None,Great Ball,Escaped
Zapdos,Legendary,73,86,Sleep,Ultra Ball,Escaped
Dratini,Rare,23,74,Sleep,Ultra Ball,Caught
Caterpie,Common,7,41,Paralyze,Poke Ball,Caught
Pidgey,Common,52,49,Paralyze,Poke Ball,Escaped
Arcanine,Rare,16,53,Paralyze,Poke Ball,Escaped
Groudon,Legendary,36,77,Paralyze,Ultra Ball,Escaped
Gyarados,Rare,49,49,Paralyze,Poke Ball,Escaped
Lapras,Rare,60,35,Poison,Ultra Ball,Escaped
Pidgey,Common,68,65,None,Poke Ball,Escaped
Bidoof,Common,93,81,None,Ultra Ball,Escaped
Sentret,Common,33,90,None,Great Ball,Escaped
Rattata,Common,25,17,Sleep,Great Ball,Caught
Rattata,Common,22,75,Paralyze,Poke Ball,Escaped
Scyther,Rare,10,98,None,Great Ball,Escaped
Magikarp,Common,75,12,None,Ultra Ball,Caught
Zubat,Common,34,23,None,Poke Ball,Escaped
Scyther,Rare,24,28,None,Poke Ball,Escaped
Caterpie,Common,13,64,None,Poke Ball,Escaped
Giratina,Legendary,13,100,Poison,Poke Ball,Escaped
Sentret,Common,15,27,None,Poke Ball,Escaped
Zubat,Common,31,58,Sleep,Ultra Ball,Caught
Weedle,Common,80,89,Poison,Great Ball,Escaped
Larvitar,Rare,71,97,None,Great Ball,Escaped
Lapras,Rare,31,42,Paralyze,Great Ball,Escaped
Rattata,Common,22,69,None,Poke Ball,Escaped
Pidgey,Common,78,40,None,Great Ball,Escaped
Bidoof,Common,23,98,None,Ultra Ball,Caught
Arcanine,Rare,80,41,None,Poke Ball,Escaped
Sentret,Common,49,59,Sleep,Ultra Ball,Caught
Bidoof,Common,91,22,None,Poke Ball,Escaped
Gible,Rare,52,89,None,Poke Ball,Escaped
Zubat,Common,90,16,None,Poke Ball,Escaped
Pidgey,Common,4,53,Poison,Great Ball,Caught
Bidoof,Common,86,35,Sleep,Great Ball,Caught
Poliwag,Common,19,2,None,Great Ball,Escaped
Rayquaza,Legendary,92,28,None,Ultra Ball,Escaped
Dratini,Rare,5,63,Poison,Great Ball,Escaped
Rattata,Common,78,69,None,Great Ball,Escaped
Aerodactyl,Rare,96,46,None,Ultra Ball,Escaped
Aerodactyl,Rare,31,60,None,Great Ball,Escaped
Lapras,Rare,50,21,None,Poke Ball,Escaped
Caterpie,Common,64,67,Sleep,Poke Ball,Escaped
Bagon,Rare,14,64,None,Great Ball,Escaped
Bagon,Rare,44,1,Paralyze,Ultra Ball,Caught
Pidgey,Common,9,8,Poison,Ultra Ball,Caught
Bidoof,Common,97,14,None,Ultra Ball,Caught
Chansey,Rare,21,94,Sleep,Great Ball,Escaped
Geodude,Common,34,20,None,Ultra Ball,Caught
Gyarados,Rare,25,58,Sleep,Great Ball,Escaped
Lapras,Rare,94,68,Paralyze,Ultra Ball,Escaped
Magikarp,Common,83,19,Sleep,Ultra Ball,Caught
Lapras,Rare,49,35,Paralyze,Ultra Ball,Escaped
Magikarp,Common,51,93,None,Great Ball,Escaped
Dratini,Rare,87,18,None,Great Ball,Escaped
Larvitar,Rare,48,27,Paralyze,Ultra Ball,Caught
Gible,Rare,92,34,None,Ultra Ball,Escaped
Beldum,Rare,88,8,None,Great Ball,Escaped
Zigzagoon,Common,97,42,None,Ultra Ball,Escaped
Weedle,Common,25,79,None,Poke Ball,Escaped
Bagon,Rare,83,67,None,Great Ball,Escaped
Poliwag,Common,46,56,Poison,Ultra Ball,Caught
Dratini,Rare,54,56,None,Ultra Ball,Escaped
Dratini,Rare,62,46,Poison,Ultra Ball,Caught
Snorlax,Rare,50,93,Sleep,Ultra Ball,Caught
Oddish,Common,22,90,None,Great Ball,Escaped
Lapras,Rare,81,41,None,Poke Ball,Escaped
Bagon,Rare,69,73,None,Great Ball,Escaped
Kyogre,Legendary,32,46,Sleep,Ultra Ball,Escaped
Zubat,Common,92,14,Paralyze,Poke Ball,Caught
Gyarados,Rare,30,51,None,Great Ball,Escaped
Caterpie,Common,35,26,None,Great Ball,Escaped
Lapras,Rare,53,60,None,Great Ball,Escaped
Zigzagoon,Common,44,99,Paralyze,Ultra Ball,Caught
Beldum,Rare,78,55,None,Ultra Ball,Escaped
Gyarados,Rare,63,98,Sleep,Great Ball,Escaped
Rattata,Common,30,99,None,Great Ball,Escaped
Pidgey,Common,94,7,None,Poke Ball,Escaped
Sentret,Common,29,57,Sleep,Great Ball,Caught
Rattata,Common,16,44,Sleep,Great Ball,Caught
Bagon,Rare,48,94,Poison,Great Ball,Escaped
Gyarados,Rare,55,13,Paralyze,Poke Ball,Escaped
Bidoof,Common,47,15,Sleep,Ultra Ball,Caught
Larvitar,Rare,28,40,Sleep,Great Ball,Escaped
Geodude,Common,24,90,Paralyze,Poke Ball,Escaped
Snorlax,Rare,58,23,None,Great Ball,Escaped
Mewtwo,Legendary,83,97,None,Poke Ball,Escaped
Weedle,Common,1,79,None,Great Ball,Escaped
Pidgey,Common,38,26,Sleep,Poke Ball,Caught
Lapras,Rare,70,91,None,Great Ball,Escaped
Weedle,Common,3,39,None,Great Ball,Caught
Larvitar,Rare,65,24,Sleep,Great Ball,Escaped
Sentret,Common,68,55,None,Poke Ball,Escaped
Weedle,Common,9,81,Poison,Poke Ball,Escaped
Poliwag,Common,63,46,Poison,Poke Ball,Escaped
Mewtwo,Legendary,9,85,Sleep,Great Ball,Escaped
Caterpie,Common,9,3,None,Ultra Ball,Caught
Chansey,Rare,13,77,Sleep,Ultra Ball,Caught
Mewtwo,Legendary,54,76,Paralyze,Great Ball,Escaped
Magikarp,Common,41,96,Paralyze,Poke Ball,Escaped
Caterpie,Common,63,9,None,Poke Ball,Escaped
Bagon,Rare,32,27,Paralyze,Poke Ball,Escaped
Zigzagoon,Common,74,11,None,Poke Ball,Escaped
Rattata,Common,94,24,None,Great Ball,Escaped
Dratini,Rare,41,27,None,Ultra Ball,Escaped
Snorlax,Rare,66,58,Paralyze,Poke Ball,Escaped
Zubat,Common,12,38,None,Ultra Ball,Caught
Geodude,Common,8,27,None,Poke Ball,Escaped
Poliwag,Common,16,44,Sleep,Poke Ball,Caught
Gyarados,Rare,54,72,None,Great Ball,Escaped
Sentret,Common,2,33,None,Great Ball,Escaped
Pidgey,Common,80,57,None,Great Ball,Escaped
Bidoof,Common,18,58,Paralyze,Ultra Ball,Caught
Lapras,Rare,89,52,None,Great Ball,Escaped
Rattata,Common,62,58,Paralyze,Poke Ball,Escaped
Geodude,Common,9,25,None,Great Ball,Caught
Rayquaza,Legendary,100,90,Paralyze,Ultra Ball,Escaped
Arceus,Legendary,69,18,Paralyze,Ultra Ball,Escaped
Caterpie,Common,50,17,None,Great Ball,Caught
Geodude,Common,99,43,Paralyze,Poke Ball,Escaped
Pidgey,Common,12,42,Sleep,Ultra Ball,Caught
Pidgey,Common,25,75,Sleep,Great Ball,Escaped
Rattata,Common,52,85,Poison,Great Ball,Escaped
Bagon,Rare,90,25,Paralyze,Great Ball,Escaped
Rattata,Common,11,7,None,Great Ball,Caught
Larvitar,Rare,19,4,None,Ultra Ball,Caught
Rattata,Common,61,30,Paralyze,Great Ball,Escaped
Sentret,Common,46,32,Sleep,Great Ball,Caught
Rattata,Common,17,85,None,Great Ball,Escaped
Lugia,Legendary,31,64,None,Great Ball,Escaped
Chansey,Rare,26,100,None,Ultra Ball,Escaped
Poliwag,Common,76,96,None,Poke Ball,Escaped
Poliwag,Common,14,3,Paralyze,Great Ball,Caught
Poliwag,Common,39,59,Poison,Great Ball,Escaped
Zubat,Common,65,61,Paralyze,Ultra Ball,Escaped
Zubat,Common,60,76,None,Poke Ball,Escaped
Weedle,Common,86,7,None,Poke Ball,Escaped
Zapdos,Legendary,82,70,Poison,Poke Ball,Escaped
Scyther,Rare,67,62,Sleep,Great Ball,Escaped
Arcanine,Rare,85,1,Sleep,Ultra Ball,Caught
Lapras,Rare,49,61,Sleep,Poke Ball,Escaped
Bidoof,Common,13,2,Paralyze,Poke Ball,Caught
Snorlax,Rare,47,57,None,Poke Ball,Escaped
Caterpie,Common,4,82,None,Poke Ball,Escaped
Poliwag,Common,80,62,Poison,Poke Ball,Escaped
Weedle,Common,57,13,Paralyze,Great Ball,Caught
Pidgey,Common,62,21,Sleep,Ultra Ball,Caught
Geodude,Common,20,2,Sleep,Great Ball,Caught
Bagon,Rare,11,91,None,Ultra Ball,Escaped
Oddish,Common,88,60,None,Great Ball,Escaped
Magikarp,Common,88,64,Sleep,Great Ball,Escaped
Zubat,Common,30,39,None,Ultra Ball,Caught
Beldum,Rare,44,28,None,Great Ball,Escaped
Arcanine,Rare,93,53,Paralyze,Ultra Ball,Escaped
Snorlax,Rare,96,30,Sleep,Ultra Ball,Caught
Scyther,Rare,34,11,None,Poke Ball,Escaped
Zigzagoon,Common,67,40,Sleep,Poke Ball,Caught
Arceus,Legendary,85,91,Poison,Great Ball,Escaped
Caterpie,Common,95,46,None,Great Ball,Escaped
Magikarp,Common,4,9,Paralyze,Ultra Ball,Caught
Pidgey,Common,55,35,None,Poke Ball,Escaped
Geodude,Common,99,46,Paralyze,Great Ball,Caught
Sentret,Common,22,8,Poison,Poke Ball,Caught
Bagon,Rare,57,29,Sleep,Ultra Ball,Caught
Sentret,Common,9,48,None,Great Ball,Escaped
Poliwag,Common,75,44,None,Poke Ball,Escaped
Gible,Rare,38,10,Paralyze,Poke Ball,Caught
Rayquaza,Legendary,16,81,None,Ultra Ball,Escaped
Chansey,Rare,92,70,None,Ultra Ball,Escaped
Sentret,Common,96,29,None,Poke Ball,Escaped
Sentret,Common,55,85,Sleep,Poke Ball,Escaped
Sentret,Common,48,58,Sleep,Poke Ball,Escaped
Oddish,Common,49,97,None,Ultra Ball,Escaped
Arcanine,Rare,45,98,Sleep,Great Ball,Escaped
Poliwag,Common,54,30,Paralyze,Ultra Ball,Caught
Pidgey,Common,54,9,Paralyze,Great Ball,Caught
Rattata,Common,60,84,Paralyze,Ultra Ball,Caught
Oddish,Common,58,26,Paralyze,Great Ball,Caught
Pidgey,Common,15,80,Sleep,Poke Ball,Escaped
Zubat,Common,33,31,None,Ultra Ball,Caught
Zigzagoon,Common,29,1,Paralyze,Ultra Ball,Caught
Pidgey,Common,66,19,None,Poke Ball,Escaped
Weedle,Common,77,48,Paralyze,Ultra Ball,Caught
Dratini,Rare,36,48,None,Poke Ball,Escaped
Larvitar,Rare,4,81,Paralyze,Poke Ball,Escaped
Lapras,Rare,25,21,None,Poke Ball,Escaped
Gyarados,Rare,80,34,None,Great Ball,Escaped
Caterpie,Common,1,42,Sleep,Poke Ball,Caught
Rattata,Common,96,41,Sleep,Poke Ball,Escaped
Beldum,Rare,94,28,Poison,Ultra Ball,Escaped
Bagon,Rare,67,33,None,Poke Ball,Escaped
Lapras,Rare,36,44,Sleep,Poke Ball,Escaped
Caterpie,Common,20,98,Sleep,Poke Ball,Escaped
Gyarados,Rare,34,27,None,Ultra Ball,Caught
Bidoof,Common,96,18,Paralyze,Ultra Ball,Caught
Sentret,Common,3,22,None,Great Ball,Caught
Rattata,Common,28,62,None,Poke Ball,Escaped
Caterpie,Common,67,24,None,Poke Ball,Escaped
Zubat,Common,69,87,Paralyze,Poke Ball,Escaped
Magikarp,Common,36,69,None,Ultra Ball,Caught
Gyarados,Rare,9,3,Paralyze,Poke Ball,Caught
Oddish,Common,51,1,Sleep,Great Ball,Caught
Chansey,Rare,46,21,None,Poke Ball,Escaped
Bagon,Rare,44,64,Sleep,Great Ball,Escaped
Pidgey,Common,58,84,None,Poke Ball,Escaped
Chansey,Rare,81,13,None,Ultra Ball,Escaped
Gible,Rare,17,9,None,Ultra Ball,Caught
Geodude,Common,60,91,Sleep,Ultra Ball,Caught
Dialga,Legendary,48,97,Sleep,Great Ball,Escaped
Geodude,Common,49,70,Sleep,Poke Ball,Escaped
Aerodactyl,Rare,94,100,None,Great Ball,Escaped
Mewtwo,Legendary,58,22,None,Poke Ball,Escaped
Gyarados,Rare,69,54,Paralyze,Poke Ball,Escaped
Bidoof,Common,57,88,None,Ultra Ball,Escaped
Aerodactyl,Rare,73,6,Poison,Ultra Ball,Escaped
Gible,Rare,23,9,None,Poke Ball,Escaped
Zapdos,Legendary,24,69,None,Poke Ball,Escaped
Zubat,Common,36,13,Poison,Great Ball,Caught
Beldum,Rare,62,72,None,Poke Ball,Escaped
Lugia,Legendary,26,92,Sleep,Great Ball,Escaped
Poliwag,Common,88,71,Sleep,Poke Ball,Escaped
Snorlax,Rare,22,69,Paralyze,Ultra Ball,Caught
Poliwag,Common,67,88,Sleep,Ultra Ball,Caught
Oddish,Common,1,58,None,Great Ball,Escaped
Aerodactyl,Rare,10,95,Sleep,Great Ball,Escaped
Arcanine,Rare,49,80,Paralyze,Ultra Ball,Escaped
Magikarp,Common,38,3,None,Great Ball,Caught
Bidoof,Common,32,12,None,Poke Ball,Escaped
Caterpie,Common,3,92,None,Poke Ball,Escaped
Weedle,Common,23,10,Sleep,Great Ball,Caught
Caterpie,Common,58,7,Poison,Poke Ball,Caught
Gyarados,Rare,67,54,None,Poke Ball,Escaped
Articuno,Legendary,20,30,Paralyze,Great Ball,Escaped
Groudon,Legendary,30,34,Paralyze,Poke Ball,Escaped
Magikarp,Common,52,88,Sleep,Poke Ball,Escaped
Zigzagoon,Common,35,95,None,Great Ball,Escaped
Sentret,Common,75,30,None,Great Ball,Escaped
Zubat,Common,91,52,None,Great Ball,Escaped
Poliwag,Common,20,51,Sleep,Poke Ball,Caught
Oddish,Common,26,25,Poison,Poke Ball,Caught
Beldum,Rare,90,43,None,Ultra Ball,Escaped
Caterpie,Common,74,12,Poison,Ultra Ball,Caught
Lapras,Rare,65,50,None,Poke Ball,Escaped
Bidoof,Common,46,40,Paralyze,Poke Ball,Caught
Bidoof,Common,94,60,Paralyze,Ultra Ball,Escaped
Gyarados,Rare,29,53,None,Ultra Ball,Escaped
Ho-Oh,Legendary,35,73,Poison,Poke Ball,Escaped
Beldum,Rare,4,82,Paralyze,Great Ball,Escaped
Rattata,Common,58,10,Sleep,Great Ball,Caught
Bagon,Rare,21,11,Paralyze,Great Ball,Caught
Rattata,Common,10,30,None,Great Ball,Escaped
Beldum,Rare,23,73,Paralyze,Ultra Ball,Caught
Beldum,Rare,41,95,Sleep,Poke Ball,Escaped
Zigzagoon,Common,68,38,None,Poke Ball,Escaped
Bagon,Rare,96,84,None,Great Ball,Escaped
Poliwag,Common,46,7,Paralyze,Poke Ball,Caught
Chansey,Rare,11,67,Poison,Great Ball,Escaped
Caterpie,Common,64,24,Sleep,Great Ball,Caught
Magikarp,Common,20,26,Sleep,Great Ball,Caught
Weedle,Common,10,46,Sleep,Poke Ball,Caught
Caterpie,Common,24,27,None,Great Ball,Caught
Lapras,Rare,9,43,None,Great Ball,Escaped
Poliwag,Common,93,78,Poison,Poke Ball,Escaped
Rattata,Common,32,47,None,Poke Ball,Escaped
Aerodactyl,Rare,16,14,None,Ultra Ball,Caught
Kyogre,Legendary,7,14,Poison,Ultra Ball,Escaped
Scyther,Rare,35,24,None,Great Ball,Escaped
Bagon,Rare,11,50,Sleep,Great Ball,Caught
Magikarp,Common,99,95,None,Ultra Ball,Escaped
Oddish,Common,57,78,Sleep,Great Ball,Escaped
Geodude,Common,40,87,Sleep,Poke Ball,Escaped
Lugia,Legendary,20,20,None,Ultra Ball,Escaped
Caterpie,Common,68,64,Poison,Poke Ball,Escaped
Gible,Rare,47,54,None,Great Ball,Escaped
Weedle,Common,27,68,None,Great Ball,Escaped
Poliwag,Common,83,39,None,Great Ball,Escaped
Palkia,Legendary,45,34,None,Poke Ball,Escaped
Snorlax,Rare,60,81,None,Ultra Ball,Escaped
Magikarp,Common,9,30,Sleep,Poke Ball,Caught
Aerodactyl,Rare,56,76,None,Poke Ball,Escaped
Pidgey,Common,62,24,Paralyze,Poke Ball,Escaped
Bagon,Rare,26,90,Sleep,Poke Ball,Escaped
Zubat,Common,16,54,None,Ultra Ball,Caught
Zubat,Common,56,4,Sleep,Great Ball,Caught
Bidoof,Common,52,65,None,Poke Ball,Escaped
Bagon,Rare,73,83,Sleep,Great Ball,Escaped
Gible,Rare,39,77,None,Poke Ball,Escaped
Pidgey,Common,91,57,None,Ultra Ball,Escaped
Bidoof,Common,95,95,Sleep,Poke Ball,Escaped
Dratini,Rare,72,98,Paralyze,Great Ball,Escaped
Rattata,Common,10,66,Sleep,Poke Ball,Escaped
Geodude,Common,96,1,Sleep,Great Ball,Caught
Ho-Oh,Legendary,79,61,None,Poke Ball,Escaped
Caterpie,Common,83,98,None,Ultra Ball,Escaped
Larvitar,Rare,81,26,Poison,Poke Ball,Escaped
Arceus,Legendary,74,20,Paralyze,Poke Ball,Escaped
Geodude,Common,62,13,None,Great Ball,Escaped
Oddish,Common,51,72,Paralyze,Great Ball,Escaped
Bidoof,Common,58,20,None,Great Ball,Escaped
Snorlax,Rare,84,37,None,Great Ball,Escaped
Magikarp,Common,50,83,None,Great Ball,Escaped
Beldum,Rare,54,99,None,Poke Ball,Escaped
Dratini,Rare,97,12,Sleep,Poke Ball,Escaped
Pidgey,Common,35,70,Poison,Great Ball,Escaped
Beldum,Rare,28,59,Sleep,Ultra Ball,Caught
Gible,Rare,89,70,Paralyze,Poke Ball,Escaped
Oddish,Common,32,7,Poison,Great Ball,Caught
Arceus,Legendary,59,80,Paralyze,Great Ball,Escaped
Beldum,Rare,85,48,Sleep,Great Ball,Escaped
Arcanine,Rare,65,20,None,Poke Ball,Escaped
Caterpie,Common,56,62,Sleep,Poke Ball,Escaped
Gible,Rare,46,98,Sleep,Poke Ball,Escaped
Gible,Rare,36,39,None,Ultra Ball,Escaped
Beldum,Rare,7,99,Sleep,Poke Ball,Escaped
Aerodactyl,Rare,58,57,None,Poke Ball,Escaped
Sentret,Common,64,57,Sleep,Poke Ball,Escaped
Snorlax,Rare,92,8,None,Great Ball,Escaped
Zubat,Common,12,96,Sleep,Ultra Ball,Caught
Gyarados,Rare,77,25,Sleep,Great Ball,Escaped
Pidgey,Common,62,77,None,Poke Ball,Escaped
Oddish,Common,8,73,None,Poke Ball,Escaped
Larvitar,Rare,93,15,Poison,Great Ball,Escaped
Sentret,Common,48,49,None,Poke Ball,Escaped
Zigzagoon,Common,57,38,Sleep,Great Ball,Caught
Beldum,Rare,88,24,None,Great Ball,Escaped
Pidgey,Common,75,12,Paralyze,Poke Ball,Caught
Oddish,Common,54,2,None,Ultra Ball,Caught
Zigzagoon,Common,32,8,Sleep,Poke Ball,Caught
Geodude,Common,29,97,Poison,Poke Ball,Escaped
Ho-Oh,Legendary,10,77,None,Great Ball,Escaped
Chansey,Rare,6,21,Paralyze,Great Ball,Caught
Chansey,Rare,45,75,None,Poke Ball,Escaped
Zigzagoon,Common,20,31,Paralyze,Poke Ball,Caught
Giratina,Legendary,95,51,Sleep,Ultra Ball,Escaped
Lapras,Rare,98,53,None,Poke Ball,Escaped
Caterpie,Common,47,23,Paralyze,Poke Ball,Escaped
Caterpie,Common,7,42,Paralyze,Great Ball,Caught
Snorlax,Rare,90,61,None,Ultra Ball,Escaped
Geodude,Common,41,32,Sleep,Great Ball,Caught
Magikarp,Common,56,40,None,Ultra Ball,Caught
Sentret,Common,14,91,Sleep,Ultra Ball,Caught
Beldum,Rare,59,99,Sleep,Poke Ball,Escaped
Bidoof,Common,72,96,None,Great Ball,Escaped
Geodude,Common,21,13,Poison,Great Ball,Caught
Zigzagoon,Common,90,29,None,Poke Ball,Escaped
Lugia,Legendary,97,18,Paralyze,Poke Ball,Escaped
Magikarp,Common,21,69,None,Great Ball,Escaped
Magikarp,Common,54,72,Paralyze,Ultra Ball,Caught
Bidoof,Common,78,41,None,Great Ball,Escaped
Mewtwo,Legendary,55,40,Sleep,Great Ball,Escaped
Zigzagoon,Common,52,11,Poison,Ultra Ball,Caught
Scyther,Rare,83,64,Poison,Poke Ball,Escaped
Rattata,Common,17,70,None,Great Ball,Escaped
Poliwag,Common,56,41,None,Great Ball,Escaped
Pidgey,Common,63,39,Paralyze,Great Ball,Caught
Scyther,Rare,58,12,None,Poke Ball,Escaped
Beldum,Rare,15,60,None,Ultra Ball,Escaped
Bidoof,Common,3,61,Sleep,Great Ball,Caught
Geodude,Common,14,67,Sleep,Poke Ball,Escaped
Caterpie,Common,38,37,None,Poke Ball,Escaped
Dratini,Rare,51,86,None,Poke Ball,Escaped
Zubat,Common,3,78,Sleep,Ultra Ball,Caught
Dratini,Rare,62,49,None,Ultra Ball,Escaped
Bidoof,Common,70,42,None,Great Ball,Escaped
Bidoof,Common,2,15,None,Poke Ball,Caught
Geodude,Common,16,65,Poison,Great Ball,Escaped
Beldum,Rare,82,8,None,Great Ball,Escaped
Zigzagoon,Common,64,56,Sleep,Great Ball,Escaped
Weedle,Common,7,94,None,Ultra Ball,Escaped
Groudon,Legendary,39,64,None,Great Ball,Escaped
Bidoof,Common,14,62,Paralyze,Poke Ball,Escaped
Sentret,Common,63,100,None,Poke Ball,Escaped
Pidgey,Common,27,11,Poison,Great Ball,Caught
Weedle,Common,17,62,None,Great Ball,Escaped
Rattata,Common,24,98,Poison,Ultra Ball,Caught
Oddish,Common,44,75,Sleep,Poke Ball,Escaped
Pidgey,Common,81,53,None,Ultra Ball,Escaped
Beldum,Rare,28,83,Sleep,Poke Ball,Escaped
Chansey,Rare,36,30,None,Poke Ball,Escaped
Geodude,Common,40,43,Sleep,Poke Ball,Caught
Weedle,Common,41,9,None,Ultra Ball,Caught
Zapdos,Legendary,87,96,Paralyze,Poke Ball,Escaped
Sentret,Common,95,58,None,Ultra Ball,Escaped
Larvitar,Rare,47,70,None,Great Ball,Escaped
Poliwag,Common,8,66,None,Great Ball,Escaped
Pidgey,Common,82,77,Sleep,Poke Ball,Escaped
Beldum,Rare,89,61,None,Poke Ball,Escaped
Magikarp,Common,83,41,None,Ultra Ball,Escaped
Geodude,Common,57,68,Paralyze,Ultra Ball,Escaped
Zigzagoon,Common,98,8,None,Ultra Ball,Caught
Snorlax,Rare,74,92,Paralyze,Ultra Ball,Escaped
Weedle,Common,75,90,Sleep,Great Ball,Escaped
Sentret,Common,25,70,None,Ultra Ball,Escaped
Oddish,Common,98,62,Sleep,Great Ball,Escaped
Zubat,Common,70,31,None,Great Ball,Escaped
Magikarp,Common,6,70,Paralyze,Poke Ball,Escaped
Chansey,Rare,25,51,None,Great Ball,Escaped
Rattata,Common,98,32,Paralyze,Great Ball,Caught
Oddish,Common,100,7,Sleep,Ultra Ball,Caught
Scyther,Rare,74,30,None,Great Ball,Escaped
Caterpie,Common,81,80,Sleep,Ultra Ball,Escaped
Oddish,Common,74,91,Paralyze,Great Ball,Escaped
Bidoof,Common,20,48,Sleep,Great Ball,Caught
Aerodactyl,Rare,22,8,None,Ultra Ball,Caught
Gible,Rare,2,31,None,Great Ball,Escaped
Magikarp,Common,1,59,Poison,Ultra Ball,Caught
Aerodactyl,Rare,33,100,None,Poke Ball,Escaped
Poliwag,Common,43,81,None,Great Ball,Escaped
Zubat,Common,23,91,Paralyze,Poke Ball,Escaped
Bidoof,Common,33,38,None,Poke Ball,Escaped
Kyogre,Legendary,71,22,Paralyze,Poke Ball,Escaped
Articuno,Legendary,27,14,None,Ultra Ball,Escaped
Geodude,Common,77,97,None,Great Ball,Escaped
Geodude,Common,81,26,Sleep,Great Ball,Escaped
Sentret,Common,78,70,Sleep,Great Ball,Escaped
Magikarp,Common,74,26,Paralyze,Great Ball,Caught
Giratina,Legendary,76,89,None,Great Ball,Escaped
Poliwag,Common,2,43,Sleep,Great Ball,Caught
Gyarados,Rare,23,20,Sleep,Great Ball,Caught
Snorlax,Rare,51,68,None,Great Ball,Escaped
Lapras,Rare,69,15,Sleep,Great Ball,Caught
Pidgey,Common,37,50,None,Great Ball,Escaped
Aerodactyl,Rare,77,37,Sleep,Great Ball,Escaped
Pidgey,Common,52,99,None,Ultra Ball,Escaped
Sentret,Common,50,69,Paralyze,Poke Ball,Escaped
Larvitar,Rare,80,35,Paralyze,Ultra Ball,Escaped
Chansey,Rare,52,29,None,Great Ball,Escaped
Geodude,Common,14,65,None,Ultra Ball,Escaped
Rattata,Common,42,8,Sleep,Poke Ball,Caught
Oddish,Common,82,93,None,Great Ball,Escaped
Bidoof,Common,71,93,Poison,Ultra Ball,Caught
Bidoof,Common,89,82,Sleep,Great Ball,Escaped
Aerodactyl,Rare,92,60,None,Poke Ball,Escaped
Zubat,Common,76,43,None,Poke Ball,Escaped
Geodude,Common,35,89,Poison,Poke Ball,Escaped
Rattata,Common,98,32,None,Poke Ball,Escaped
Rattata,Common,39,22,Paralyze,Ultra Ball,Caught
Gyarados,Rare,23,37,None,Great Ball,Escaped
Zubat,Common,80,55,Sleep,Great Ball,Escaped
Bidoof,Common,75,10,None,Ultra Ball,Caught
Lapras,Rare,76,73,None,Ultra Ball,Escaped
Magikarp,Common,67,21,None,Poke Ball,Escaped
Sentret,Common,80,15,Sleep,Ultra Ball,Caught
Arcanine,Rare,40,52,Paralyze,Ultra Ball,Escaped
Giratina,Legendary,47,78,Sleep,Ultra Ball,Escaped
Snorlax,Rare,24,99,None,Poke Ball,Escaped
Bidoof,Common,9,43,Sleep,Poke Ball,Caught
Sentret,Common,57,47,None,Poke Ball,Escaped
Oddish,Common,87,61,Sleep,Ultra Ball,Caught
Snorlax,Rare,81,36,Sleep,Poke Ball,Escaped
Poliwag,Common,35,50,None,Poke Ball,Escaped
Zigzagoon,Common,78,86,Paralyze,Great Ball,Escaped
Weedle,Common,51,82,None,Poke Ball,Escaped
Pidgey,Common,70,64,None,Poke Ball,Escaped
Oddish,Common,50,99,None,Poke Ball,Escaped
Beldum,Rare,97,44,None,Great Ball,Escaped
Poliwag,Common,80,2,None,Poke Ball,Escaped
Chansey,Rare,7,92,Sleep,Poke Ball,Escaped
Poliwag,Common,13,49,None,Great Ball,Escaped
Pidgey,Common,90,31,Poison,Poke Ball,Escaped
Rattata,Common,86,96,Paralyze,Great Ball,Escaped
Weedle,Common,67,6,Paralyze,Great Ball,Caught
Rattata,Common,39,53,None,Poke Ball,Escaped
Palkia,Legendary,95,80,Sleep,Ultra Ball,Escaped
Bidoof,Common,42,70,None,Ultra Ball,Escaped
Bidoof,Common,51,28,None,Ultra Ball,Escaped
Caterpie,Common,2,34,Poison,Ultra Ball,Caught
Dratini,Rare,52,50,Poison,Poke Ball,Escaped
Arcanine,Rare,18,3,None,Ultra Ball,Caught
Lapras,Rare,37,14,None,Ultra Ball,Caught
Pidgey,Common,30,53,None,Poke Ball,Escaped
Bagon,Rare,30,24,Paralyze,Poke Ball,Escaped
Rattata,Common,61,75,None,Poke Ball,Escaped
Zigzagoon,Common,89,14,None,Ultra Ball,Caught
Poliwag,Common,14,78,None,Poke Ball,Escaped
Bagon,Rare,35,66,Sleep,Ultra Ball,Escaped
Geodude,Common,11,41,None,Poke Ball,Escaped
Poliwag,Common,63,20,None,Great Ball,Escaped
Snorlax,Rare,76,83,Sleep,Poke Ball,Escaped
Caterpie,Common,29,84,Sleep,Poke Ball,Escaped
Zubat,Common,30,7,None,Poke Ball,Escaped
Beldum,Rare,5,85,Paralyze,Great Ball,Escaped
Gyarados,Rare,15,16,None,Ultra Ball,Caught
Pidgey,Common,31,7,None,Great Ball,Escaped
Mewtwo,Legendary,53,59,Paralyze,Great Ball,Escaped
Arceus,Legendary,84,97,None,Great Ball,Escaped
Poliwag,Common,76,96,None,Great Ball,Escaped
Gible,Rare,65,42,None,Great Ball,Escaped
Zigzagoon,Common,31,31,Poison,Ultra Ball,Caught
Bidoof,Common,35,53,None,Ultra Ball,Caught
Bidoof,Common,78,81,None,Ultra Ball,Escaped
Palkia,Legendary,2,53,None,Poke Ball,Escaped
Geodude,Common,50,24,None,Ultra Ball,Caught
Lapras,Rare,60,84,Paralyze,Great Ball,Escaped
Magikarp,Common,30,99,None,Ultra Ball,Escaped
Weedle,Common,8,65,None,Poke Ball,Escaped
Bagon,Rare,44,93,None,Great Ball,Escaped
Oddish,Common,72,67,Paralyze,Great Ball,Escaped
Gible,Rare,59,53,None,Great Ball,Escaped
Zapdos,Legendary,10,46,None,Great Ball,Escaped
Weedle,Common,1,18,None,Ultra Ball,Caught
Rayquaza,Legendary,29,46,Poison,Poke Ball,Escaped
Rayquaza,Legendary,94,86,Poison,Poke Ball,Escaped
Weedle,Common,51,24,None,Great Ball,Escaped
Larvitar,Rare,13,7,None,Great Ball,Caught
Oddish,Common,35,54,None,Great Ball,Escaped
Oddish,Common,14,82,None,Ultra Ball,Caught
Gyarados,Rare,13,85,Poison,Ultra Ball,Escaped
Magikarp,Common,64,16,Sleep,Great Ball,Caught
Sentret,Common,19,74,Sleep,Great Ball,Escaped
Zigzagoon,Common,4,2,Sleep,Poke Ball,Caught
Scyther,Rare,84,12,Sleep,Poke Ball,Escaped
Rattata,Common,76,40,Sleep,Great Ball,Caught
Rattata,Common,53,41,Paralyze,Great Ball,Escaped
Bidoof,Common,30,6,None,Poke Ball,Caught
Aerodactyl,Rare,54,26,None,Poke Ball,Escaped
Oddish,Common,21,11,None,Poke Ball,Caught
Geodude,Common,32,32,None,Great Ball,Escaped
Chansey,Rare,21,86,Sleep,Great Ball,Escaped
Lapras,Rare,15,31,None,Great Ball,Escaped
Geodude,Common,89,32,None,Great Ball,Escaped
Caterpie,Common,24,14,Sleep,Ultra Ball,Caught
Beldum,Rare,56,99,Sleep,Poke Ball,Escaped
Magikarp,Common,13,18,Poison,Great Ball,Caught
Pidgey,Common,97,58,Poison,Ultra Ball,Escaped
Larvitar,Rare,23,75,Sleep,Poke Ball,Escaped
Caterpie,Common,28,75,Paralyze,Ultra Ball,Caught
Scyther,Rare,14,61,Poison,Great Ball,Escaped
Lugia,Legendary,57,74,Paralyze,Great Ball,Escaped
Oddish,Common,53,52,Sleep,Ultra Ball,Caught
Aerodactyl,Rare,23,24,Sleep,Poke Ball,Escaped
Magikarp,Common,7,91,None,Ultra Ball,Escaped
Zubat,Common,94,75,Poison,Ultra Ball,Caught
Pidgey,Common,81,38,None,Poke Ball,Escaped
Caterpie,Common,15,69,Sleep,Great Ball,Caught
Geodude,Common,94,97,Sleep,Great Ball,Escaped
Weedle,Common,24,25,Sleep,Poke Ball,Caught
Geodude,Common,76,49,None,Ultra Ball,Caught
Pidgey,Common,36,69,Poison,Great Ball,Escaped
Caterpie,Common,80,44,None,Ultra Ball,Caught
Scyther,Rare,18,7,None,Poke Ball,Escaped
Larvitar,Rare,80,51,None,Ultra Ball,Escaped
Gyarados,Rare,93,46,None,Poke Ball,Escaped
Zigzagoon,Common,53,90,Paralyze,Ultra Ball,Caught
Zapdos,Legendary,27,45,Paralyze,Poke Ball,Escaped
Giratina,Legendary,50,15,None,Great Ball,Escaped
Geodude,Common,52,44,None,Great Ball,Escaped
Bagon,Rare,13,86,None,Great Ball,Escaped
Rattata,Common,9,2,None,Great Ball,Caught
Rattata,Common,85,35,None,Great Ball,Escaped
Beldum,Rare,72,66,None,Great Ball,Escaped
Chansey,Rare,72,34,Paralyze,Ultra Ball,Caught
Bidoof,Common,21,12,Poison,Ultra Ball,Caught
Geodude,Common,35,8,None,Ultra Ball,Caught
Geodude,Common,58,20,None,Great Ball,Caught
Rattata,Common,16,57,None,Ultra Ball,Caught
Oddish,Common,35,87,Paralyze,Great Ball,Escaped
Aerodactyl,Rare,7,96,Paralyze,Great Ball,Escaped
Dratini,Rare,27,19,Sleep,Great Ball,Caught
Scyther,Rare,53,91,None,Ultra Ball,Escaped
Zigzagoon,Common,24,22,Sleep,Great Ball,Caught
Gyarados,Rare,8,74,None,Ultra Ball,Escaped
Lugia,Legendary,58,47,None,Great Ball,Escaped
Bagon,Rare,91,3,Paralyze,Poke Ball,Escaped
Scyther,Rare,87,21,Sleep,Poke Ball,Escaped
Zubat,Common,36,75,Sleep,Great Ball,Escaped
Pidgey,Common,13,84,Paralyze,Great Ball,Escaped
Pidgey,Common,43,99,Sleep,Great Ball,Caught
Groudon,Legendary,31,4,None,Great Ball,Escaped
Rattata,Common,16,32,None,Ultra Ball,Caught
Zigzagoon,Common,72,75,None,Ultra Ball,Escaped
Caterpie,Common,33,4,None,Ultra Ball,Caught
Geodude,Common,75,21,Paralyze,Poke Ball,Escaped
Arceus,Legendary,29,13,None,Poke Ball,Escaped
Sentret,Common,79,47,Poison,Poke Ball,Escaped
Gible,Rare,57,86,Paralyze,Poke Ball,Escaped
Poliwag,Common,49,96,None,Poke Ball,Escaped
Pidgey,Common,8,78,None,Ultra Ball,Escaped
Geodude,Common,57,86,Sleep,Ultra Ball,Caught
Beldum,Rare,42,15,Sleep,Ultra Ball,Caught
Arcanine,Rare,21,68,None,Great Ball,Escaped
Arcanine,Rare,33,92,None,Poke Ball,Escaped
Caterpie,Common,71,39,Sleep,Ultra Ball,Caught
Oddish,Common,59,59,None,Great Ball,Escaped
Zubat,Common,77,80,None,Great Ball,Escaped
Pidgey,Common,84,10,Paralyze,Poke Ball,Caught
Sentret,Common,62,20,Paralyze,Poke Ball,Caught
Palkia,Legendary,42,99,None,Great Ball,Escaped
Zubat,Common,69,61,None,Great Ball,Escaped
Lapras,Rare,8,93,Paralyze,Great Ball,Escaped
Zapdos,Legendary,31,72,Paralyze,Great Ball,Escaped
Rattata,Common,48,18,None,Poke Ball,Escaped
Geodude,Common,44,3,None,Ultra Ball,Caught
Dratini,Rare,89,99,Poison,Great Ball,Escaped
Larvitar,Rare,31,30,Poison,Poke Ball,Escaped
Chansey,Rare,38,92,Sleep,Great Ball,Escaped
Caterpie,Common,67,46,Poison,Great Ball,Escaped
Pidgey,Common,69,2,None,Poke Ball,Escaped
Caterpie,Common,32,44,Paralyze,Ultra Ball,Caught
Magikarp,Common,13,91,Paralyze,Ultra Ball,Caught
Zigzagoon,Common,13,94,Paralyze,Great Ball,Caught
Pidgey,Common,78,58,None,Poke Ball,Escaped
Caterpie,Common,17,25,Paralyze,Poke Ball,Caught
Arcanine,Rare,43,1,None,Ultra Ball,Escaped
Geodude,Common,92,5,Paralyze,Great Ball,Escaped
Weedle,Common,80,59,None,Ultra Ball,Escaped
Lugia,Legendary,82,31,None,Great Ball,Escaped
Dratini,Rare,69,89,Paralyze,Great Ball,Escaped
Arcanine,Rare,98,33,None,Ultra Ball,Escaped
Gible,Rare,35,76,None,Poke Ball,Escaped
Beldum,Rare,67,93,Paralyze,Great Ball,Escaped
Bidoof,Common,30,86,Sleep,Poke Ball,Caught
Bidoof,Common,50,3,Paralyze,Poke Ball,Caught
Geodude,Common,43,80,None,Poke Ball,Escaped
Gible,Rare,84,99,Sleep,Great Ball,Escaped
Pidgey,Common,94,71,Paralyze,Ultra Ball,Caught
Arceus,Legendary,69,10,None,Ultra Ball,Escaped
Zubat,Common,77,34,Sleep,Great Ball,Caught
Sentret,Common,56,24,None,Great Ball,Escaped
Beldum,Rare,76,99,Sleep,Ultra Ball,Caught
Zigzagoon,Common,53,15,Paralyze,Poke Ball,Caught
Groudon,Legendary,19,79,Paralyze,Poke Ball,Escaped
Caterpie,Common,28,31,None,Poke Ball,Escaped
Ho-Oh,Legendary,72,24,Sleep,Great Ball,Escaped
Poliwag,Common,67,16,Poison,Poke Ball,Escaped
Lugia,Legendary,49,58,Poison,Ultra Ball,Escaped
Gible,Rare,42,18,None,Ultra Ball,Escaped
Oddish,Common,54,26,None,Ultra Ball,Caught
Larvitar,Rare,72,68,Sleep,Poke Ball,Escaped
Oddish,Common,54,11,Paralyze,Poke Ball,Caught
Magikarp,Common,79,2,Paralyze,Ultra Ball,Caught
Gible,Rare,15,50,None,Great Ball,Escaped
Gible,Rare,27,65,Poison,Poke Ball,Escaped
Oddish,Common,91,67,None,Poke Ball,Escaped
Caterpie,Common,74,23,Paralyze,Poke Ball,Caught
Pidgey,Common,3,93,None,Great Ball,Escaped
Zubat,Common,95,45,None,Ultra Ball,Escaped
Chansey,Rare,83,63,Sleep,Great Ball,Escaped
Lapras,Rare,28,90,None,Great Ball,Escaped
Weedle,Common,65,9,None,Poke Ball,Escaped
Geodude,Common,2,16,Sleep,Ultra Ball,Caught
Oddish,Common,65,15,None,Poke Ball,Escaped
Chansey,Rare,25,92,Paralyze,Great Ball,Escaped
Groudon,Legendary,61,92,Poison,Ultra Ball,Escaped
Poliwag,Common,48,60,None,Poke Ball,Escaped
Sentret,Common,25,41,Poison,Ultra Ball,Caught
Oddish,Common,73,83,None,Poke Ball,Escaped
Palkia,Legendary,78,96,Poison,Ultra Ball,Escaped
Oddish,Common,65,73,None,Great Ball,Escaped
Pidgey,Common,62,76,Sleep,Poke Ball,Escaped
Zigzagoon,Common,91,16,None,Great Ball,Escaped
Pidgey,Common,95,36,None,Ultra Ball,Escaped
Kyogre,Legendary,18,94,None,Great Ball,Escaped
Chansey,Rare,24,9,None,Poke Ball,Escaped
Beldum,Rare,19,50,None,Great Ball,Escaped
Geodude,Common,78,94,None,Poke Ball,Escaped
Magikarp,Common,48,75,None,Great Ball,Escaped
Poliwag,Common,6,48,None,Great Ball,Caught
Chansey,Rare,46,95,None,Ultra Ball,Escaped
Rattata,Common,6,60,Paralyze,Great Ball,Caught
Magikarp,Common,31,63,None,Great Ball,Escaped
Sentret,Common,86,11,None,Great Ball,Escaped
Poliwag,Common,14,19,None,Great Ball,Caught
Poliwag,Common,95,10,None,Great Ball,Escaped
Lapras,Rare,67,11,None,Ultra Ball,Caught
Sentret,Common,26,90,Paralyze,Great Ball,Caught
Magikarp,Common,14,84,None,Poke Ball,Escaped
Snorlax,Rare,8,48,None,Ultra Ball,Escaped
Arceus,Legendary,40,32,None,Poke Ball,Escaped
Beldum,Rare,44,85,None,Ultra Ball,Escaped
Zubat,Common,13,8,Paralyze,Ultra Ball,Caught
Aerodactyl,Rare,19,85,None,Ultra Ball,Escaped
Gible,Rare,81,41,None,Great Ball,Escaped
Rattata,Common,42,19,None,Ultra Ball,Caught
Articuno,Legendary,15,20,Poison,Great Ball,Escaped
Pidgey,Common,91,56,Sleep,Great Ball,Escaped
Snorlax,Rare,45,40,Paralyze,Poke Ball,Escaped
Magikarp,Common,68,68,Sleep,Great Ball,Escaped
Rattata,Common,34,29,None,Ultra Ball,Caught
Poliwag,Common,15,88,Sleep,Great Ball,Caught
Mewtwo,Legendary,32,72,Sleep,Poke Ball,Escaped
Pidgey,Common,14,24,Sleep,Great Ball,Caught
Beldum,Rare,13,77,Poison,Poke Ball,Escaped
Gyarados,Rare,25,34,None,Great Ball,Escaped
Caterpie,Common,41,75,Sleep,Great Ball,Escaped
Caterpie,Common,76,65,Poison,Great Ball,Escaped
Snorlax,Rare,93,99,Poison,Ultra Ball,Escaped
Mewtwo,Legendary,77,14,None,Ultra Ball,Escaped
Magikarp,Common,74,34,Paralyze,Great Ball,Caught
Zapdos,Legendary,60,79,Poison,Great Ball,Escaped
Zigzagoon,Common,37,88,Sleep,Ultra Ball,Caught
Zigzagoon,Common,87,36,None,Great Ball,Escaped
Magikarp,Common,90,32,None,Great Ball,Escaped
Caterpie,Common,100,25,None,Ultra Ball,Caught
Giratina,Legendary,62,52,None,Great Ball,Escaped
Dialga,Legendary,9,16,None,Great Ball,Escaped
Bidoof,Common,43,19,None,Ultra Ball,Caught
Weedle,Common,89,57,Sleep,Great Ball,Escaped
Lapras,Rare,50,87,None,Poke Ball,Escaped
Zubat,Common,17,16,None,Great Ball,Caught
Rattata,Common,78,42,Poison,Poke Ball,Escaped
Bidoof,Common,76,20,None,Ultra Ball,Caught
Lugia,Legendary,84,21,None,Ultra Ball,Escaped
Zigzagoon,Common,17,97,Paralyze,Poke Ball,Caught
Sentret,Common,43,65,None,Poke Ball,Escaped
Lapras,Rare,62,64,None,Ultra Ball,Escaped
Magikarp,Common,87,14,None,Ultra Ball,Caught
Beldum,Rare,94,74,Paralyze,Ultra Ball,Escaped
Zigzagoon,Common,35,93,Poison,Ultra Ball,Escaped
Oddish,Common,93,49,Paralyze,Great Ball,Escaped
Caterpie,Common,17,9,Sleep,Great Ball,Caught
Bagon,Rare,42,78,Sleep,Great Ball,Escaped
Giratina,Legendary,85,23,None,Poke Ball,Escaped
Aerodactyl,Rare,8,70,None,Ultra Ball,Escaped
Caterpie,Common,51,55,None,Great Ball,Escaped
Scyther,Rare,94,69,Poison,Ultra Ball,Escaped
Lapras,Rare,52,27,Sleep,Poke Ball,Escaped
Scyther,Rare,34,99,Poison,Poke Ball,Escaped
Bidoof,Common,29,87,None,Poke Ball,Escaped
Mewtwo,Legendary,73,67,None,Great Ball,Escaped
Poliwag,Common,52,7,Sleep,Great Ball,Caught
Caterpie,Common,39,77,Paralyze,Great Ball,Caught
Lapras,Rare,76,46,Paralyze,Great Ball,Escaped
Gible,Rare,48,69,Sleep,Poke Ball,Escaped
Arceus,Legendary,91,17,None,Great Ball,Escaped
Articuno,Legendary,2,35,Poison,Poke Ball,Escaped
Scyther,Rare,49,13,None,Poke Ball,Escaped
Mewtwo,Legendary,59,41,Sleep,Great Ball,Escaped
Magikarp,Common,20,38,Poison,Poke Ball,Escaped
Oddish,Common,74,37,Sleep,Poke Ball,Escaped
Weedle,Common,24,27,Paralyze,Poke Ball,Caught
Oddish,Common,22,41,Sleep,Great Ball,Caught
Caterpie,Common,86,31,None,Great Ball,Escaped
Chansey,Rare,41,38,None,Poke Ball,Escaped
Mewtwo,Legendary,51,50,Poison,Great Ball,Escaped
Caterpie,Common,15,74,Paralyze,Poke Ball,Escaped
Ho-Oh,Legendary,54,10,None,Great Ball,Escaped
Lapras,Rare,26,93,None,Great Ball,Escaped
Gible,Rare,2,8,Poison,Poke Ball,Caught
Chansey,Rare,29,30,Paralyze,Great Ball,Escaped
Rattata,Common,95,45,Paralyze,Poke Ball,Escaped
Geodude,Common,95,91,Sleep,Ultra Ball,Escaped
Giratina,Legendary,18,44,None,Great Ball,Escaped
Oddish,Common,45,36,None,Ultra Ball,Caught
Bidoof,Common,80,85,Paralyze,Ultra Ball,Escaped
Poliwag,Common,26,97,Sleep,Poke Ball,Escaped
Bagon,Rare,1,51,None,Poke Ball,Escaped
Beldum,Rare,96,29,Paralyze,Poke Ball,Escaped
Aerodactyl,Rare,57,89,None,Great Ball,Escaped
Zubat,Common,100,59,Paralyze,Ultra Ball,Escaped
Sentret,Common,56,68,None,Ultra Ball,Escaped
Zigzagoon,Common,59,93,Sleep,Great Ball,Escaped
Scyther,Rare,18,23,None,Poke Ball,Escaped
Pidgey,Common,31,92,None,Ultra Ball,Caught
Gible,Rare,33,89,None,Ultra Ball,Escaped
Groudon,Legendary,97,3,None,Ultra Ball,Escaped
Weedle,Common,43,90,Sleep,Great Ball,Escaped
Pidgey,Common,81,34,None,Great Ball,Escaped
Poliwag,Common,8,54,None,Great Ball,Escaped
Gyarados,Rare,99,87,Poison,Poke Ball,Escaped
Larvitar,Rare,6,62,None,Great Ball,Escaped
Snorlax,Rare,56,21,None,Ultra Ball,Escaped
Snorlax,Rare,94,7,None,Great Ball,Escaped
Sentret,Common,93,53,Paralyze,Great Ball,Escaped
Gyarados,Rare,92,83,None,Great Ball,Escaped
Bagon,Rare,2,16,Poison,Ultra Ball,Caught
Bidoof,Common,13,86,Paralyze,Poke Ball,Caught
Chansey,Rare,44,6,None,Poke Ball,Escaped
Zapdos,Legendary,71,98,None,Great Ball,Escaped
Poliwag,Common,54,28,Sleep,Great Ball,Caught
Rattata,Common,9,84,Sleep,Ultra Ball,Caught
Scyther,Rare,36,100,None,Great Ball,Escaped
Arcanine,Rare,55,27,Paralyze,Ultra Ball,Caught
Oddish,Common,81,91,Poison,Great Ball,Escaped
Pidgey,Common,19,93,Paralyze,Poke Ball,Escaped
Rattata,Common,46,44,Poison,Great Ball,Escaped
Oddish,Common,51,1,Sleep,Great Ball,Caught
Aerodactyl,Rare,96,36,Paralyze,Ultra Ball,Caught
Bidoof,Common,44,47,Paralyze,Poke Ball,Caught
Rattata,Common,37,60,None,Poke Ball,Escaped
Gyarados,Rare,25,1,None,Great Ball,Escaped
Sentret,Common,92,67,Paralyze,Ultra Ball,Caught
Rattata,Common,100,61,Sleep,Poke Ball,Escaped
Zigzagoon,Common,35,6,Paralyze,Ultra Ball,Caught
Dratini,Rare,4,65,None,Ultra Ball,Escaped
Caterpie,Common,45,83,Sleep,Poke Ball,Escaped
Scyther,Rare,9,40,Paralyze,Poke Ball,Escaped
Scyther,Rare,30,68,None,Poke Ball,Escaped
Gible,Rare,33,47,None,Great Ball,Escaped
Dratini,Rare,1,85,None,Ultra Ball,Escaped
Giratina,Legendary,67,22,None,Poke Ball,Escaped
Chansey,Rare,18,70,Paralyze,Poke Ball,Escaped
Articuno,Legendary,89,56,None,Great Ball,Escaped
Rattata,Common,37,47,Poison,Ultra Ball,Caught
Oddish,Common,55,32,None,Ultra Ball,Caught
Geodude,Common,4,62,Poison,Ultra Ball,Caught
Zigzagoon,Common,70,83,Sleep,Ultra Ball,Caught
Geodude,Common,11,27,None,Great Ball,Caught
Caterpie,Common,28,34,Sleep,Poke Ball,Caught
Gyarados,Rare,20,59,None,Poke Ball,Escaped
Rattata,Common,94,17,None,Poke Ball,Escaped
Magikarp,Common,45,37,None,Poke Ball,Escaped
Oddish,Common,56,1,Paralyze,Poke Ball,Caught
Caterpie,Common,20,41,None,Ultra Ball,Caught
Zubat,Common,67,45,None,Poke Ball,Escaped
Pidgey,Common,99,3,Sleep,Poke Ball,Escaped
Pidgey,Common,83,36,None,Ultra Ball,Caught
Gible,Rare,84,35,Sleep,Ultra Ball,Caught
Zubat,Common,1,66,None,Ultra Ball,Escaped
Sentret,Common,27,53,Paralyze,Poke Ball,Escaped
Arcanine,Rare,57,2,Sleep,Great Ball,Caught
Scyther,Rare,17,84,Sleep,Great Ball,Escaped
Caterpie,Common,97,3,Paralyze,Great Ball,Caught
Magikarp,Common,54,53,Poison,Poke Ball,Escaped
Caterpie,Common,67,24,Sleep,Ultra Ball,Caught
Zigzagoon,Common,9,9,Paralyze,Poke Ball,Caught
Beldum,Rare,29,82,None,Ultra Ball,Escaped
Weedle,Common,93,40,None,Ultra Ball,Escaped
Zubat,Common,70,89,Sleep,Great Ball,Escaped
Sentret,Common,21,33,None,Ultra Ball,Caught
Scyther,Rare,42,9,None,Ultra Ball,Caught
Zapdos,Legendary,10,14,None,Poke Ball,Escaped
Scyther,Rare,71,13,None,Great Ball,Escaped
Poliwag,Common,51,50,None,Great Ball,Escaped
Gyarados,Rare,31,91,Paralyze,Ultra Ball,Escaped
Dratini,Rare,71,100,Poison,Poke Ball,Escaped
Arceus,Legendary,68,26,Paralyze,Poke Ball,Escaped
Zubat,Common,38,13,Sleep,Poke Ball,Caught
Magikarp,Common,11,22,None,Ultra Ball,Caught
Beldum,Rare,33,14,Paralyze,Poke Ball,Caught
Lapras,Rare,56,59,Sleep,Poke Ball,Escaped
Poliwag,Common,88,15,None,Great Ball,Escaped
Zapdos,Legendary,95,38,None,Great Ball,Escaped
Sentret,Common,80,84,Paralyze,Great Ball,Escaped
Pidgey,Common,89,32,None,Great Ball,Escaped
Rattata,Common,39,23,None,Poke Ball,Escaped
Larvitar,Rare,65,80,None,Ultra Ball,Escaped
Magikarp,Common,86,14,Poison,Ultra Ball,Caught
Geodude,Common,61,19,None,Ultra Ball,Caught
Zigzagoon,Common,30,16,Paralyze,Ultra Ball,Caught
Bidoof,Common,78,53,None,Ultra Ball,Escaped
Geodude,Common,20,17,None,Great Ball,Escaped
Rattata,Common,33,44,Paralyze,Great Ball,Caught
Snorlax,Rare,39,6,Paralyze,Great Ball,Escaped
Beldum,Rare,74,13,Paralyze,Poke Ball,Escaped
Weedle,Common,12,75,None,Ultra Ball,Caught
Gyarados,Rare,20,55,None,Poke Ball,Escaped
Caterpie,Common,47,75,None,Great Ball,Escaped
Zapdos,Legendary,77,38,None,Poke Ball,Escaped
Dratini,Rare,83,22,Paralyze,Ultra Ball,Escaped
Arcanine,Rare,93,66,Sleep,Ultra Ball,Escaped
Zubat,Common,16,79,None,Poke Ball,Escaped
Sentret,Common,65,44,None,Poke Ball,Escaped
Zigzagoon,Common,68,40,None,Great Ball,Escaped
Geodude,Common,54,31,None,Great Ball,Escaped
Magikarp,Common,40,1,Paralyze,Poke Ball,Caught
Magikarp,Common,88,7,None,Poke Ball,Escaped
Geodude,Common,24,35,None,Poke Ball,Escaped
Gyarados,Rare,94,85,Sleep,Poke Ball,Escaped
Weedle,Common,2,100,None,Ultra Ball,Escaped
Oddish,Common,85,56,Sleep,Poke Ball,Escaped
Zubat,Common,50,56,Paralyze,Ultra Ball,Caught
Oddish,Common,79,90,None,Great Ball,Escaped
Palkia,Legendary,85,64,None,Ultra Ball,Escaped
Beldum,Rare,71,81,None,Ultra Ball,Escaped
Caterpie,Common,33,67,Sleep,Ultra Ball,Caught
Dialga,Legendary,33,81,None,Poke Ball,Escaped
Zigzagoon,Common,33,29,Poison,Ultra Ball,Caught
Oddish,Common,60,23,None,Poke Ball,Escaped
Chansey,Rare,23,74,None,Poke Ball,Escaped
Oddish,Common,82,6,Sleep,Great Ball,Caught
Chansey,Rare,12,32,None,Poke Ball,Escaped
Bidoof,Common,3,22,Paralyze,Poke Ball,Caught
Magikarp,Common,72,3,Paralyze,Poke Ball,Escaped
Lapras,Rare,99,11,None,Ultra Ball,Escaped
Zapdos,Legendary,1,100,None,Ultra Ball,Escaped
Geodude,Common,71,93,Sleep,Poke Ball,Escaped
Geodude,Common,67,6,None,Poke Ball,Escaped
Dratini,Rare,55,35,Sleep,Great Ball,Escaped
Aerodactyl,Rare,8,63,None,Ultra Ball,Escaped
Rattata,Common,75,85,None,Poke Ball,Escaped
Geodude,Common,48,53,Poison,Poke Ball,Escaped
Chansey,Rare,23,40,None,Great Ball,Escaped
Sentret,Common,95,91,None,Poke Ball,Escaped
Weedle,Common,51,33,None,Great Ball,Escaped
Lapras,Rare,74,78,Sleep,Ultra Ball,Escaped
Aerodactyl,Rare,94,69,None,Poke Ball,Escaped
Rattata,Common,84,59,Sleep,Great Ball,Escaped
Bagon,Rare,52,81,None,Great Ball,Escaped
Zubat,Common,93,46,Sleep,Ultra Ball,Caught
Zubat,Common,53,63,None,Poke Ball,Escaped
Weedle,Common,45,4,Paralyze,Great Ball,Caught
Caterpie,Common,86,33,Poison,Poke Ball,Escaped
Poliwag,Common,24,86,Sleep,Great Ball,Caught
Rattata,Common,67,68,None,Great Ball,Escaped
Magikarp,Common,89,42,None,Ultra Ball,Escaped
Weedle,Common,100,53,Paralyze,Great Ball,Escaped
Bagon,Rare,40,75,None,Poke Ball,Escaped
Magikarp,Common,32,61,Paralyze,Great Ball,Escaped
Beldum,Rare,99,43,None,Ultra Ball,Escaped
Snorlax,Rare,50,26,Sleep,Great Ball,Escaped
Zubat,Common,4,8,Poison,Great Ball,Caught
Poliwag,Common,79,35,None,Ultra Ball,Escaped
Gible,Rare,98,32,None,Great Ball,Escaped
Poliwag,Common,87,30,Paralyze,Ultra Ball,Caught
Zigzagoon,Common,35,79,None,Poke Ball,Escaped
Gyarados,Rare,28,55,None,Ultra Ball,Escaped
Aerodactyl,Rare,81,10,None,Ultra Ball,Escaped
Geodude,Common,73,22,None,Great Ball,Escaped
Zubat,Common,83,39,Poison,Poke Ball,Escaped
Bidoof,Common,48,45,None,Great Ball,Escaped
Rattata,Common,82,40,None,Ultra Ball,Escaped
Caterpie,Common,29,41,None,Ultra Ball,Caught
Aerodactyl,Rare,88,21,Paralyze,Great Ball,Escaped
Bidoof,Common,72,52,Paralyze,Poke Ball,Escaped
Gyarados,Rare,94,56,None,Great Ball,Escaped
Sentret,Common,99,77,Sleep,Ultra Ball,Caught
Caterpie,Common,55,49,Sleep,Ultra Ball,Caught
Magikarp,Common,65,60,Paralyze,Ultra Ball,Escaped
Zigzagoon,Common,21,86,Paralyze,Poke Ball,Escaped
Bagon,Rare,51,68,Sleep,Ultra Ball,Escaped
Weedle,Common,19,55,Sleep,Great Ball,Caught
Zigzagoon,Common,88,18,None,Poke Ball,Escaped
Magikarp,Common,4,69,None,Poke Ball,Escaped
Rattata,Common,19,62,Paralyze,Poke Ball,Caught
Bagon,Rare,66,90,Paralyze,Great Ball,Escaped
Bidoof,Common,17,43,None,Poke Ball,Escaped
Zubat,Common,11,47,None,Poke Ball,Escaped
Oddish,Common,49,47,Poison,Ultra Ball,Caught
Poliwag,Common,55,39,Poison,Great Ball,Caught
Dialga,Legendary,28,16,Sleep,Poke Ball,Escaped
Magikarp,Common,40,13,Paralyze,Poke Ball,Caught
Arceus,Legendary,29,93,None,Great Ball,Escaped
Sentret,Common,72,43,Poison,Ultra Ball,Caught
Rattata,Common,32,57,None,Ultra Ball,Escaped
Poliwag,Common,55,6,Sleep,Great Ball,Caught
Rattata,Common,78,41,Paralyze,Poke Ball,Escaped
Rattata,Common,34,46,None,Great Ball,Escaped
Ho-Oh,Legendary,50,48,None,Great Ball,Escaped
Caterpie,Common,29,57,Poison,Ultra Ball,Escaped
Beldum,Rare,91,67,None,Great Ball,Escaped
Geodude,Common,72,32,Poison,Poke Ball,Escaped
Arcanine,Rare,27,74,Poison,Poke Ball,Escaped
Groudon,Legendary,63,75,None,Great Ball,Escaped
Gible,Rare,70,94,None,Ultra Ball,Escaped
Palkia,Legendary,93,50,None,Poke Ball,Escaped
Caterpie,Common,72,32,None,Poke Ball,Escaped
Kyogre,Legendary,12,88,None,Ultra Ball,Escaped
Caterpie,Common,2,88,Sleep,Ultra Ball,Caught
Caterpie,Common,98,52,None,Great Ball,Escaped
Zigzagoon,Common,56,87,Paralyze,Ultra Ball,Caught
Scyther,Rare,46,18,Sleep,Ultra Ball,Caught
Chansey,Rare,100,46,None,Great Ball,Escaped
Lapras,Rare,87,32,Paralyze,Poke Ball,Escaped
Dratini,Rare,35,69,Sleep,Great Ball,Escaped
Pidgey,Common,1,28,Poison,Ultra Ball,Caught
Zapdos,Legendary,4,8,Sleep,Great Ball,Escaped
Sentret,Common,66,10,None,Poke Ball,Escaped
Zubat,Common,80,15,None,Poke Ball,Escaped
Pidgey,Common,71,97,None,Great Ball,Escaped
Poliwag,Common,100,87,None,Great Ball,Escaped
Dialga,Legendary,51,26,None,Great Ball,Escaped
Gyarados,Rare,19,79,None,Ultra Ball,Escaped
Bidoof,Common,51,34,Paralyze,Ultra Ball,Caught
Zubat,Common,9,32,Paralyze,Great Ball,Caught
Pidgey,Common,11,80,None,Ultra Ball,Escaped
Oddish,Common,17,10,None,Ultra Ball,Caught
Sentret,Common,89,84,None,Great Ball,Escaped
Gible,Rare,45,27,None,Poke Ball,Escaped
Weedle,Common,11,58,None,Ultra Ball,Escaped
Weedle,Common,59,75,None,Ultra Ball,Escaped
Bidoof,Common,65,96,Sleep,Poke Ball,Escaped
Oddish,Common,83,68,None,Ultra Ball,Escaped
Beldum,Rare,75,92,None,Poke Ball,Escaped
Oddish,Common,38,16,Poison,Poke Ball,Escaped
Weedle,Common,83,12,Sleep,Great Ball,Caught
Chansey,Rare,85,25,Sleep,Ultra Ball,Caught
Scyther,Rare,72,63,None,Ultra Ball,Escaped
Snorlax,Rare,87,5,Sleep,Poke Ball,Escaped
Zigzagoon,Common,6,46,Poison,Ultra Ball,Caught
Gyarados,Rare,98,77,Paralyze,Poke Ball,Escaped
Caterpie,Common,62,71,None,Great Ball,Escaped
Sentret,Common,77,56,None,Great Ball,Escaped
Pidgey,Common,31,67,Paralyze,Poke Ball,Caught
Beldum,Rare,8,24,None,Ultra Ball,Caught
Weedle,Common,38,8,Sleep,Great Ball,Caught
Giratina,Legendary,51,66,Paralyze,Ultra Ball,Escaped
Aerodactyl,Rare,47,7,None,Poke Ball,Escaped
Arcanine,Rare,42,21,None,Great Ball,Escaped
Zubat,Common,55,83,None,Great Ball,Escaped
Larvitar,Rare,5,10,Paralyze,Poke Ball,Caught
Chansey,Rare,8,83,Sleep,Ultra Ball,Escaped
Poliwag,Common,7,26,None,Ultra Ball,Caught
Poliwag,Common,45,84,Poison,Ultra Ball,Caught
Zubat,Common,84,39,None,Ultra Ball,Caught
Gible,Rare,96,42,None,Ultra Ball,Escaped
Arcanine,Rare,53,91,None,Poke Ball,Escaped
Caterpie,Common,79,79,Paralyze,Ultra Ball,Caught
Poliwag,Common,44,94,Poison,Great Ball,Escaped
Geodude,Common,43,84,Poison,Great Ball,Escaped
Larvitar,Rare,26,51,Sleep,Ultra Ball,Caught
Dratini,Rare,76,86,None,Great Ball,Escaped
Chansey,Rare,100,40,None,Great Ball,Escaped
Rattata,Common,99,40,Poison,Poke Ball,Escaped
Bagon,Rare,79,40,None,Ultra Ball,Escaped
Gyarados,Rare,12,29,Sleep,Great Ball,Escaped
Magikarp,Common,63,60,Sleep,Great Ball,Escaped
Bagon,Rare,13,1,Sleep,Great Ball,Caught
Oddish,Common,86,66,Poison,Ultra Ball,Escaped
Bidoof,Common,43,69,Sleep,Poke Ball,Escaped
Weedle,Common,6,25,None,Poke Ball,Escaped
Beldum,Rare,50,3,Sleep,Poke Ball,Escaped
Bidoof,Common,5,37,Sleep,Great Ball,Caught
Snorlax,Rare,94,42,Poison,Poke Ball,Escaped
Bidoof,Common,19,69,None,Poke Ball,Escaped
Zubat,Common,26,71,None,Great Ball,Escaped
Bidoof,Common,46,70,None,Poke Ball,Escaped
Caterpie,Common,74,75,None,Poke Ball,Escaped
Dratini,Rare,37,60,Poison,Poke Ball,Escaped
Mewtwo,Legendary,50,17,Sleep,Poke Ball,Escaped
Weedle,Common,35,92,Poison,Ultra Ball,Caught
Poliwag,Common,81,19,Poison,Great Ball,Escaped
Ho-Oh,Legendary,58,26,None,Great Ball,Escaped
Snorlax,Rare,68,66,Paralyze,Ultra Ball,Escaped
Caterpie,Common,64,74,None,Great Ball,Escaped
Bagon,Rare,4,84,Paralyze,Poke Ball,Escaped
Weedle,Common,42,71,None,Ultra Ball,Escaped
Bagon,Rare,21,55,None,Great Ball,Escaped
Magikarp,Common,80,64,None,Ultra Ball,Escaped
Articuno,Legendary,56,48,None,Ultra Ball,Escaped
Zigzagoon,Common,46,66,Poison,Great Ball,Escaped
Mewtwo,Legendary,87,99,None,Ultra Ball,Escaped
Zapdos,Legendary,32,48,Paralyze,Ultra Ball,Escaped
Weedle,Common,87,18,Poison,Great Ball,Escaped
Geodude,Common,80,60,None,Ultra Ball,Escaped
Pidgey,Common,28,15,Paralyze,Ultra Ball,Caught
Bagon,Rare,39,52,Paralyze,Ultra Ball,Escaped
Magikarp,Common,14,69,Poison,Poke Ball,Escaped
Oddish,Common,41,28,None,Great Ball,Escaped
Snorlax,Rare,77,18,Sleep,Poke Ball,Escaped
Kyogre,Legendary,79,1,Paralyze,Poke Ball,Escaped
Chansey,Rare,75,32,None,Ultra Ball,Escaped
Oddish,Common,42,99,None,Poke Ball,Escaped
Magikarp,Common,21,26,None,Ultra Ball,Caught
Gible,Rare,44,83,Poison,Poke Ball,Escaped
Poliwag,Common,47,13,None,Great Ball,Caught
Weedle,Common,100,7,None,Ultra Ball,Caught
Geodude,Common,26,33,None,Ultra Ball,Caught
Mewtwo,Legendary,90,70,None,Ultra Ball,Escaped
Aerodactyl,Rare,56,100,Paralyze,Great Ball,Escaped
Lapras,Rare,60,91,None,Great Ball,Escaped
Gible,Rare,28,38,None,Great Ball,Escaped
Zubat,Common,91,58,None,Poke Ball,Escaped
Poliwag,Common,80,60,None,Poke Ball,Escaped
Magikarp,Common,30,58,None,Great Ball,Escaped
Chansey,Rare,18,96,None,Great Ball,Escaped
Aerodactyl,Rare,65,44,None,Ultra Ball,Escaped
Caterpie,Common,88,71,Sleep,Great Ball,Escaped
Beldum,Rare,18,87,None,Ultra Ball,Escaped
Scyther,Rare,7,78,Sleep,Great Ball,Escaped
Zapdos,Legendary,28,63,None,Poke Ball,Escaped
Caterpie,Common,40,53,None,Poke Ball,Escaped
Oddish,Common,73,18,None,Poke Ball,Escaped
Mewtwo,Legendary,43,46,Sleep,Great Ball,Escaped
Pidgey,Common,14,45,None,Ultra Ball,Caught
Rattata,Common,38,41,Paralyze,Ultra Ball,Caught
Gyarados,Rare,84,79,None,Ultra Ball,Escaped
Geodude,Common,17,8,None,Great Ball,Caught
Lapras,Rare,84,86,None,Great Ball,Escaped
Rattata,Common,85,66,Sleep,Ultra Ball,Caught
Sentret,Common,28,56,Paralyze,Poke Ball,Escaped
Oddish,Common,68,29,Sleep,Poke Ball,Escaped
Poliwag,Common,89,55,Poison,Ultra Ball,Caught
Oddish,Common,48,47,Poison,Great Ball,Caught
Zubat,Common,92,50,Sleep,Poke Ball,Escaped
Oddish,Common,58,91,None,Poke Ball,Escaped
Weedle,Common,10,29,None,Ultra Ball,Caught
Poliwag,Common,23,4,None,Poke Ball,Escaped
Rattata,Common,30,30,None,Great Ball,Escaped
Sentret,Common,9,66,Sleep,Poke Ball,Escaped
Gible,Rare,29,29,Sleep,Ultra Ball,Caught
Aerodactyl,Rare,2,34,Sleep,Ultra Ball,Caught
Arcanine,Rare,91,18,None,Ultra Ball,Escaped
Pidgey,Common,78,4,None,Ultra Ball,Caught
Poliwag,Common,64,92,Paralyze,Great Ball,Caught
Giratina,Legendary,22,41,None,Poke Ball,Escaped
Zapdos,Legendary,62,35,Poison,Great Ball,Escaped
Zigzagoon,Common,69,30,Poison,Ultra Ball,Escaped
Articuno,Legendary,16,33,None,Great Ball,Escaped
Mewtwo,Legendary,7,42,None,Ultra Ball,Escaped
Gyarados,Rare,8,90,None,Poke Ball,Escaped
Zubat,Common,35,13,Paralyze,Great Ball,Caught
Gyarados,Rare,17,67,Poison,Great Ball,Escaped
Ho-Oh,Legendary,47,58,None,Ultra Ball,Escaped
Weedle,Common,23,60,Sleep,Ultra Ball,Caught
Larvitar,Rare,20,51,Paralyze,Poke Ball,Escaped
Caterpie,Common,19,89,Paralyze,Poke Ball,Escaped
Sentret,Common,11,68,Poison,Ultra Ball,Caught
Gible,Rare,100,26,Paralyze,Poke Ball,Escaped
Weedle,Common,33,4,None,Ultra Ball,Caught
Caterpie,Common,50,40,Paralyze,Great Ball,Caught
Poliwag,Common,8,92,None,Ultra Ball,Caught
Larvitar,Rare,33,58,None,Poke Ball,Escaped
Caterpie,Common,62,98,None,Ultra Ball,Escaped
Oddish,Common,63,83,None,Poke Ball,Escaped
Caterpie,Common,77,20,Paralyze,Ultra Ball,Caught
Beldum,Rare,84,76,None,Ultra Ball,Escaped
Bidoof,Common,9,91,Poison,Ultra Ball,Escaped
Geodude,Common,57,74,None,Great Ball,Escaped
Pidgey,Common,74,50,None,Great Ball,Escaped
Pidgey,Common,9,87,None,Poke Ball,Escaped
Larvitar,Rare,48,44,Paralyze,Ultra Ball,Caught
Magikarp,Common,89,45,None,Ultra Ball,Escaped
Magikarp,Common,44,60,Poison,Great Ball,Escaped
Geodude,Common,84,23,Sleep,Great Ball,Escaped
Caterpie,Common,53,37,None,Ultra Ball,Caught
Bagon,Rare,39,1,None,Poke Ball,Escaped
Poliwag,Common,72,85,Sleep,Great Ball,Escaped
Pidgey,Common,93,62,Sleep,Poke Ball,Escaped
Caterpie,Common,45,16,Poison,Great Ball,Escaped
Sentret,Common,98,99,None,Poke Ball,Escaped
Geodude,Common,63,13,Sleep,Poke Ball,Caught
Poliwag,Common,15,54,None,Great Ball,Escaped
Larvitar,Rare,75,95,None,Ultra Ball,Escaped
Zigzagoon,Common,54,21,Paralyze,Poke Ball,Caught
Scyther,Rare,30,8,Paralyze,Great Ball,Caught
Rattata,Common,96,87,Sleep,Great Ball,Escaped
Gible,Rare,57,23,None,Great Ball,Escaped
Rattata,Common,66,16,None,Poke Ball,Escaped
Dratini,Rare,71,49,None,Ultra Ball,Escaped
Bidoof,Common,13,38,None,Ultra Ball,Caught
Magikarp,Common,53,21,Paralyze,Poke Ball,Caught
Caterpie,Common,87,65,Sleep,Ultra Ball,Caught
Snorlax,Rare,31,60,None,Poke Ball,Escaped
Geodude,Common,47,40,Paralyze,Ultra Ball,Caught
Beldum,Rare,70,29,Paralyze,Great Ball,Escaped
Geodude,Common,7,42,None,Poke Ball,Escaped
Arcanine,Rare,9,14,None,Poke Ball,Escaped
Zigzagoon,Common,18,72,None,Ultra Ball,Caught
Beldum,Rare,16,79,None,Ultra Ball,Escaped
Bidoof,Common,49,20,Paralyze,Poke Ball,Caught
Gible,Rare,96,1,Paralyze,Ultra Ball,Caught
Gible,Rare,75,25,Sleep,Poke Ball,Escaped
Chansey,Rare,50,8,None,Ultra Ball,Escaped
Zigzagoon,Common,16,58,Paralyze,Ultra Ball,Caught
Dratini,Rare,1,57,Poison,Poke Ball,Escaped
Scyther,Rare,80,48,None,Great Ball,Escaped
Scyther,Rare,92,61,Sleep,Great Ball,Escaped
Caterpie,Common,71,68,None,Great Ball,Escaped
Scyther,Rare,9,91,Sleep,Ultra Ball,Caught
Pidgey,Common,92,18,Poison,Ultra Ball,Caught
Caterpie,Common,47,13,Poison,Great Ball,Caught
Zubat,Common,88,48,None,Poke Ball,Escaped
Magikarp,Common,39,55,None,Poke Ball,Escaped
Bagon,Rare,67,90,None,Great Ball,Escaped
Magikarp,Common,31,48,None,Great Ball,Caught
Zigzagoon,Common,35,53,Poison,Ultra Ball,Escaped
Weedle,Common,1,62,Sleep,Poke Ball,Caught
Zubat,Common,32,88,Sleep,Ultra Ball,Caught
Larvitar,Rare,53,69,None,Ultra Ball,Escaped
Oddish,Common,13,86,None,Poke Ball,Escaped
Sentret,Common,2,5,Paralyze,Ultra Ball,Caught
Bagon,Rare,89,71,Poison,Ultra Ball,Escaped
Caterpie,Common,68,25,None,Poke Ball,Escaped
Arcanine,Rare,42,84,Sleep,Poke Ball,Escaped
Geodude,Common,81,79,None,Ultra Ball,Escaped
Poliwag,Common,40,90,Paralyze,Ultra Ball,Caught
Magikarp,Common,18,59,None,Poke Ball,Escaped
Geodude,Common,100,76,None,Ultra Ball,Escaped
Rayquaza,Legendary,91,82,Sleep,Great Ball,Escaped
Poliwag,Common,38,98,Sleep,Great Ball,Caught
Arcanine,Rare,30,28,None,Poke Ball,Escaped
Giratina,Legendary,47,12,Paralyze,Poke Ball,Escaped
Zigzagoon,Common,99,85,Poison,Ultra Ball,Escaped
Gyarados,Rare,39,49,None,Ultra Ball,Escaped
Sentret,Common,81,70,Poison,Poke Ball,Escaped
Lapras,Rare,4,7,None,Ultra Ball,Caught
Sentret,Common,90,86,Paralyze,Great Ball,Escaped
Zubat,Common,91,73,None,Poke Ball,Escaped
Gible,Rare,20,13,Sleep,Great Ball,Caught
Larvitar,Rare,72,21,None,Poke Ball,Escaped
Weedle,Common,30,49,Poison,Great Ball,Caught
Caterpie,Common,70,47,Sleep,Ultra Ball,Caught
Weedle,Common,7,8,None,Great Ball,Caught
Poliwag,Common,45,89,None,Poke Ball,Escaped
Arcanine,Rare,77,58,Poison,Poke Ball,Escaped
Gible,Rare,75,65,Poison,Great Ball,Escaped
Rattata,Common,74,7,Poison,Poke Ball,Escaped
Bidoof,Common,7,21,None,Ultra Ball,Caught
Dratini,Rare,50,49,None,Great Ball,Escaped
Oddish,Common,9,89,Sleep,Great Ball,Caught
Dratini,Rare,37,99,Sleep,Poke Ball,Escaped
Scyther,Rare,62,2,None,Poke Ball,Escaped
Sentret,Common,46,15,None,Great Ball,Escaped
Scyther,Rare,24,80,Sleep,Poke Ball,Escaped
Magikarp,Common,39,77,Paralyze,Great Ball,Caught
Chansey,Rare,21,100,None,Poke Ball,Escaped
Arcanine,Rare,92,66,Poison,Poke Ball,Escaped
Bidoof,Common,90,47,None,Ultra Ball,Escaped
Kyogre,Legendary,39,32,Poison,Poke Ball,Escaped
Bagon,Rare,97,54,None,Great Ball,Escaped
Magikarp,Common,100,8,Poison,Poke Ball,Escaped
Weedle,Common,7,15,Sleep,Ultra Ball,Caught
Poliwag,Common,12,20,None,Poke Ball,Escaped
Geodude,Common,56,70,None,Great Ball,Escaped
Weedle,Common,60,75,Poison,Great Ball,Escaped
Dratini,Rare,57,62,None,Great Ball,Escaped
Pidgey,Common,45,77,None,Great Ball,Escaped
Zubat,Common,59,1,Paralyze,Poke Ball,Escaped
Gible,Rare,43,93,None,Great Ball,Escaped
Arcanine,Rare,58,23,None,Great Ball,Escaped
Gible,Rare,92,84,Poison,Ultra Ball,Escaped
Oddish,Common,93,12,Paralyze,Great Ball,Caught
Beldum,Rare,21,59,None,Ultra Ball,Escaped
Pidgey,Common,54,57,Sleep,Ultra Ball,Caught
Sentret,Common,73,40,Sleep,Poke Ball,Escaped
Gible,Rare,98,37,Sleep,Great Ball,Escaped
Geodude,Common,47,92,None,Ultra Ball,Escaped
Kyogre,Legendary,63,57,None,Great Ball,Escaped
Poliwag,Common,36,83,None,Great Ball,Escaped
Ho-Oh,Legendary,56,36,Sleep,Poke Ball,Escaped
Pidgey,Common,76,94,Paralyze,Great Ball,Escaped
Kyogre,Legendary,29,32,Sleep,Great Ball,Escaped
Geodude,Common,32,38,None,Poke Ball,Escaped
Zigzagoon,Common,61,57,Sleep,Ultra Ball,Caught
Poliwag,Common,46,61,Sleep,Ultra Ball,Caught
Oddish,Common,3,77,Sleep,Poke Ball,Escaped
Geodude,Common,63,23,Sleep,Great Ball,Caught
Caterpie,Common,40,76,None,Ultra Ball,Caught
Pidgey,Common,95,87,None,Great Ball,Escaped
Poliwag,Common,3,3,None,Poke Ball,Caught
Snorlax,Rare,21,25,Poison,Great Ball,Escaped
Larvitar,Rare,69,72,Paralyze,Great Ball,Escaped
Zigzagoon,Common,63,43,None,Great Ball,Escaped
Sentret,Common,92,52,None,Great Ball,Escaped
Caterpie,Common,88,3,Paralyze,Poke Ball,Caught
Weedle,Common,82,62,Paralyze,Poke Ball,Escaped
Zubat,Common,25,2,Sleep,Great Ball,Caught
Weedle,Common,45,52,None,Ultra Ball,Escaped
Larvitar,Rare,39,85,Poison,Great Ball,Escaped
Gyarados,Rare,14,71,Paralyze,Poke Ball,Escaped
Weedle,Common,59,21,None,Poke Ball,Escaped
Weedle,Common,15,59,Poison,Great Ball,Escaped
Chansey,Rare,95,85,Paralyze,Ultra Ball,Escaped
Rayquaza,Legendary,57,70,Sleep,Great Ball,Escaped
Weedle,Common,32,22,None,Ultra Ball,Caught
Poliwag,Common,43,87,None,Great Ball,Escaped
Oddish,Common,71,59,None,Great Ball,Escaped
Scyther,Rare,13,18,Sleep,Ultra Ball,Caught
Zubat,Common,15,18,Poison,Poke Ball,Caught
Gible,Rare,93,89,Sleep,Poke Ball,Escaped
Chansey,Rare,15,27,None,Great Ball,Escaped
Pidgey,Common,95,50,None,Great Ball,Escaped
Dratini,Rare,36,85,Paralyze,Great Ball,Escaped
Scyther,Rare,82,77,None,Ultra Ball,Escaped
Zubat,Common,27,40,Poison,Great Ball,Escaped
Geodude,Common,84,88,Paralyze,Ultra Ball,Caught
Bagon,Rare,72,30,None,Poke Ball,Escaped
Kyogre,Legendary,77,86,Sleep,Poke Ball,Escaped
Zubat,Common,23,62,Sleep,Ultra Ball,Caught
Zubat,Common,36,10,Sleep,Ultra Ball,Caught
Zubat,Common,54,13,Paralyze,Ultra Ball,Caught
Lapras,Rare,90,52,Sleep,Ultra Ball,Escaped
Bidoof,Common,71,72,Sleep,Poke Ball,Escaped
Chansey,Rare,73,92,Poison,Poke Ball,Escaped
Snorlax,Rare,57,78,Poison,Ultra Ball,Escaped
Gyarados,Rare,1,48,Sleep,Ultra Ball,Caught
Zubat,Common,15,7,None,Ultra Ball,Caught
Bidoof,Common,45,95,None,Ultra Ball,Escaped
Oddish,Common,78,18,None,Great Ball,Escaped
Poliwag,Common,41,6,Paralyze,Great Ball,Caught
Zubat,Common,81,5,Sleep,Great Ball,Caught
Lugia,Legendary,21,95,Paralyze,Great Ball,Escaped
Oddish,Common,53,93,None,Poke Ball,Escaped
Zubat,Common,48,73,Poison,Great Ball,Escaped
Gyarados,Rare,7,43,None,Great Ball,Escaped
Lapras,Rare,22,91,None,Ultra Ball,Escaped
Weedle,Common,82,59,Sleep,Ultra Ball,Caught
Sentret,Common,79,71,Sleep,Poke Ball,Escaped
Pidgey,Common,34,14,None,Poke Ball,Caught
Beldum,Rare,64,90,Poison,Great Ball,Escaped
Sentret,Common,35,82,None,Great Ball,Escaped
Arcanine,Rare,95,18,None,Ultra Ball,Escaped
Rattata,Common,9,73,Sleep,Ultra Ball,Caught
Gyarados,Rare,4,77,None,Ultra Ball,Escaped
Groudon,Legendary,68,49,None,Ultra Ball,Escaped
Poliwag,Common,61,9,Paralyze,Great Ball,Caught
Bidoof,Common,24,66,None,Great Ball,Escaped
Rattata,Common,57,15,None,Poke Ball,Caught
Articuno,Legendary,90,85,Paralyze,Ultra Ball,Escaped
Snorlax,Rare,84,77,None,Ultra Ball,Escaped
Pidgey,Common,26,100,None,Great Ball,Escaped
Beldum,Rare,83,49,None,Ultra Ball,Escaped
Chansey,Rare,68,77,Sleep,Ultra Ball,Escaped
Sentret,Common,60,80,Sleep,Ultra Ball,Caught
Oddish,Common,20,23,Paralyze,Ultra Ball,Caught
Zubat,Common,28,10,None,Great Ball,Caught
Sentret,Common,71,82,None,Poke Ball,Escaped
Aerodactyl,Rare,67,67,Paralyze,Ultra Ball,Escaped
Weedle,Common,9,7,None,Poke Ball,Caught
Chansey,Rare,56,27,Poison,Ultra Ball,Escaped
Magikarp,Common,19,68,None,Ultra Ball,Caught
Rattata,Common,37,35,Paralyze,Poke Ball,Escaped
Sentret,Common,27,35,None,Poke Ball,Escaped
Zubat,Common,42,21,None,Ultra Ball,Caught
Gible,Rare,82,23,None,Ultra Ball,Escaped
Arcanine,Rare,86,85,Paralyze,Ultra Ball,Escaped
Geodude,Common,86,41,None,Poke Ball,Escaped
Gyarados,Rare,14,86,Sleep,Poke Ball,Escaped
Lapras,Rare,99,32,Paralyze,Poke Ball,Escaped
Magikarp,Common,5,46,None,Great Ball,Escaped
Articuno,Legendary,74,62,Sleep,Poke Ball,Escaped
Magikarp,Common,45,66,None,Ultra Ball,Caught
Chansey,Rare,46,36,None,Poke Ball,Escaped
Poliwag,Common,45,20,Poison,Poke Ball,Caught
Poliwag,Common,87,25,None,Ultra Ball,Escaped
Aerodactyl,Rare,36,4,None,Poke Ball,Escaped
Bidoof,Common,77,71,Poison,Ultra Ball,Escaped
Zubat,Common,84,45,Paralyze,Poke Ball,Escaped
Geodude,Common,21,90,None,Ultra Ball,Escaped
Arcanine,Rare,97,38,Sleep,Poke Ball,Escaped
Lapras,Rare,49,19,None,Poke Ball,Escaped
Zubat,Common,24,88,Sleep,Poke Ball,Caught
Oddish,Common,37,64,None,Poke Ball,Escaped
Weedle,Common,94,22,None,Ultra Ball,Escaped
Caterpie,Common,92,87,None,Poke Ball,Escaped
Beldum,Rare,5,14,None,Ultra Ball,Escaped
Dratini,Rare,65,12,Paralyze,Great Ball,Caught
Sentret,Common,27,39,None,Ultra Ball,Caught
Arcanine,Rare,45,76,Sleep,Poke Ball,Escaped
Gyarados,Rare,33,72,None,Poke Ball,Escaped
Poliwag,Common,3,91,None,Poke Ball,Escaped
Arcanine,Rare,78,41,Paralyze,Poke Ball,Escaped
Snorlax,Rare,7,82,Paralyze,Great Ball,Escaped
Arceus,Legendary,77,63,Paralyze,Ultra Ball,Escaped
Bidoof,Common,77,71,None,Great Ball,Escaped
Rattata,Common,81,36,Paralyze,Ultra Ball,Caught
Pidgey,Common,18,84,Sleep,Ultra Ball,Caught
Geodude,Common,89,44,None,Ultra Ball,Escaped
Arcanine,Rare,10,25,None,Poke Ball,Escaped
Giratina,Legendary,80,59,None,Ultra Ball,Escaped
Gible,Rare,25,72,Sleep,Great Ball,Escaped
Weedle,Common,58,95,Poison,Poke Ball,Escaped
Beldum,Rare,55,8,Sleep,Ultra Ball,Caught
Zapdos,Legendary,49,26,None,Ultra Ball,Escaped
Gible,Rare,99,12,None,Poke Ball,Escaped
Caterpie,Common,11,5,None,Ultra Ball,Caught
Zigzagoon,Common,34,13,None,Great Ball,Escaped
Bidoof,Common,90,41,None,Great Ball,Escaped
Oddish,Common,21,57,Sleep,Poke Ball,Escaped
Pidgey,Common,73,46,Paralyze,Ultra Ball,Caught
Rattata,Common,51,29,None,Poke Ball,Escaped
Pidgey,Common,45,53,Poison,Ultra Ball,Escaped
Caterpie,Common,59,74,Sleep,Poke Ball,Escaped
Articuno,Legendary,44,87,Sleep,Poke Ball,Escaped
Scyther,Rare,84,13,Paralyze,Ultra Ball,Caught
Palkia,Legendary,80,24,None,Ultra Ball,Escaped
Magikarp,Common,77,45,None,Ultra Ball,Escaped
Pidgey,Common,71,25,Paralyze,Ultra Ball,Caught
Zigzagoon,Common,53,84,Paralyze,Poke Ball,Escaped
Poliwag,Common,95,97,None,Great Ball,Escaped
Bagon,Rare,40,54,None,Poke Ball,Escaped
Caterpie,Common,53,88,Poison,Ultra Ball,Escaped
Mewtwo,Legendary,14,57,None,Great Ball,Escaped
Chansey,Rare,26,31,Paralyze,Poke Ball,Escaped
Scyther,Rare,26,52,None,Poke Ball,Escaped
Geodude,Common,17,78,Poison,Great Ball,Caught
Larvitar,Rare,2,50,Sleep,Ultra Ball,Caught
Zigzagoon,Common,68,26,None,Great Ball,Escaped
Gyarados,Rare,64,15,Sleep,Poke Ball,Caught
Gyarados,Rare,35,58,Paralyze,Ultra Ball,Escaped
Zapdos,Legendary,37,19,Sleep,Ultra Ball,Caught
Poliwag,Common,90,100,Poison,Ultra Ball,Escaped
Bagon,Rare,84,40,None,Poke Ball,Escaped
Poliwag,Common,24,80,None,Poke Ball,Escaped
Giratina,Legendary,39,69,Paralyze,Great Ball,Escaped
Chansey,Rare,87,3,Poison,Ultra Ball,Caught
Articuno,Legendary,17,78,None,Poke Ball,Escaped
Mewtwo,Legendary,37,77,None,Poke Ball,Escaped
Gible,Rare,11,96,None,Ultra Ball,Escaped
Pidgey,Common,68,96,None,Poke Ball,Escaped
Gyarados,Rare,57,88,None,Ultra Ball,Escaped
Arceus,Legendary,30,92,Sleep,Great Ball,Escaped
Beldum,Rare,46,32,None,Ultra Ball,Escaped
Oddish,Common,98,25,None,Ultra Ball,Escaped
Scyther,Rare,66,52,None,Great Ball,Escaped
Kyogre,Legendary,33,62,Poison,Ultra Ball,Escaped
Weedle,Common,12,31,Paralyze,Poke Ball,Caught
Sentret,Common,42,56,None,Ultra Ball,Escaped
Chansey,Rare,77,22,Paralyze,Poke Ball,Escaped
Zigzagoon,Common,7,38,None,Ultra Ball,Caught
Giratina,Legendary,10,30,Paralyze,Ultra Ball,Escaped
Chansey,Rare,26,86,Paralyze,Great Ball,Escaped
Lapras,Rare,25,79,Paralyze,Ultra Ball,Escaped
Scyther,Rare,31,25,Sleep,Great Ball,Escaped
Poliwag,Common,100,89,Poison,Great Ball,Escaped
Beldum,Rare,87,50,None,Poke Ball,Escaped
Zubat,Common,63,87,None,Great Ball,Escaped
Geodude,Common,84,88,Paralyze,Poke Ball,Escaped
Chansey,Rare,69,13,Paralyze,Ultra Ball,Caught
Caterpie,Common,59,97,Paralyze,Great Ball,Escaped
Lapras,Rare,64,48,Sleep,Ultra Ball,Escaped
Geodude,Common,33,54,Poison,Poke Ball,Escaped
Poliwag,Common,15,66,None,Ultra Ball,Escaped
Caterpie,Common,92,68,None,Great Ball,Escaped
Gyarados,Rare,83,78,None,Ultra Ball,Escaped
Pidgey,Common,36,29,None,Poke Ball,Escaped
Zubat,Common,60,39,None,Poke Ball,Escaped
Weedle,Common,55,93,Paralyze,Poke Ball,Escaped
Larvitar,Rare,8,48,None,Ultra Ball,Escaped
Beldum,Rare,74,58,None,Ultra Ball,Escaped
Rattata,Common,97,9,None,Ultra Ball,Escaped
Chansey,Rare,47,4,Paralyze,Great Ball,Caught
Caterpie,Common,94,1,Paralyze,Ultra Ball,Caught
Weedle,Common,72,45,None,Poke Ball,Escaped
Magikarp,Common,38,39,None,Ultra Ball,Caught
Poliwag,Common,18,15,None,Great Ball,Caught
Weedle,Common,73,45,None,Ultra Ball,Caught
Rattata,Common,94,31,Poison,Poke Ball,Escaped
Pidgey,Common,9,44,Paralyze,Ultra Ball,Caught
Sentret,Common,45,72,Paralyze,Great Ball,Escaped
Pidgey,Common,37,70,None,Poke Ball,Escaped
Zubat,Common,20,51,None,Poke Ball,Escaped
Zubat,Common,27,81,None,Poke Ball,Escaped
Geodude,Common,2,43,Poison,Poke Ball,Caught
Caterpie,Common,19,70,None,Ultra Ball,Escaped
Aerodactyl,Rare,5,30,None,Great Ball,Escaped
Bagon,Rare,16,72,None,Poke Ball,Escaped
Beldum,Rare,43,50,Poison,Poke Ball,Escaped
Articuno,Legendary,36,36,Poison,Poke Ball,Escaped
Bidoof,Common,52,86,None,Ultra Ball,Escaped
Zigzagoon,Common,9,29,Sleep,Great Ball,Caught
Oddish,Common,23,57,Paralyze,Great Ball,Caught
Mewtwo,Legendary,38,94,None,Great Ball,Escaped
Geodude,Common,8,50,None,Poke Ball,Caught
Zigzagoon,Common,63,92,Paralyze,Poke Ball,Escaped
Magikarp,Common,37,66,None,Ultra Ball,Caught
Zubat,Common,54,93,None,Great Ball,Escaped
Giratina,Legendary,74,48,None,Ultra Ball,Escaped
Beldum,Rare,57,22,Sleep,Great Ball,Escaped
Pidgey,Common,5,85,Paralyze,Great Ball,Caught
Chansey,Rare,79,47,Paralyze,Ultra Ball,Escaped
Snorlax,Rare,30,81,Poison,Poke Ball,Escaped
Giratina,Legendary,86,23,Paralyze,Ultra Ball,Escaped
Aerodactyl,Rare,5,98,None,Poke Ball,Escaped
Bagon,Rare,1,78,Poison,Ultra Ball,Escaped
Lapras,Rare,75,21,Sleep,Ultra Ball,Escaped
Palkia,Legendary,6,31,None,Ultra Ball,Escaped
Gible,Rare,63,67,Sleep,Poke Ball,Escaped
Gyarados,Rare,7,99,Paralyze,Great Ball,Escaped
Poliwag,Common,13,90,Sleep,Ultra Ball,Caught
Scyther,Rare,82,17,Paralyze,Ultra Ball,Caught
Aerodactyl,Rare,48,1,None,Poke Ball,Escaped
Scyther,Rare,48,31,Sleep,Great Ball,Escaped
Bidoof,Common,61,34,Paralyze,Great Ball,Caught
Poliwag,Common,9,17,None,Ultra Ball,Caught
Bidoof,Common,97,96,None,Great Ball,Escaped
Pidgey,Common,19,32,Sleep,Great Ball,Caught
Ho-Oh,Legendary,37,13,None,Poke Ball,Escaped
Rattata,Common,57,74,None,Ultra Ball,Escaped
Scyther,Rare,37,6,None,Great Ball,Escaped
Dialga,Legendary,8,45,None,Ultra Ball,Escaped
Rattata,Common,42,73,None,Ultra Ball,Escaped
Poliwag,Common,94,90,Paralyze,Ultra Ball,Caught
Pidgey,Common,48,83,None,Great Ball,Escaped
Zigzagoon,Common,71,68,None,Poke Ball,Escaped
Gyarados,Rare,96,64,Paralyze,Ultra Ball,Escaped
Pidgey,Common,11,90,Paralyze,Ultra Ball,Caught
Magikarp,Common,11,21,None,Poke Ball,Escaped
Magikarp,Common,53,80,None,Ultra Ball,Escaped
Articuno,Legendary,94,1,Paralyze,Great Ball,Escaped
Sentret,Common,85,12,Paralyze,Ultra Ball,Caught
Beldum,Rare,21,31,None,Poke Ball,Escaped
Oddish,Common,67,46,Sleep,Ultra Ball,Caught
Rattata,Common,43,58,Paralyze,Great Ball,Caught
Rattata,Common,20,6,Sleep,Ultra Ball,Caught
Mewtwo,Legendary,100,92,None,Great Ball,Escaped
Larvitar,Rare,23,74,Paralyze,Poke Ball,Escaped
Dratini,Rare,58,59,None,Poke Ball,Escaped
Bidoof,Common,29,71,Poison,Poke Ball,Escaped
Snorlax,Rare,41,57,None,Great Ball,Escaped
Bidoof,Common,4,63,Paralyze,Ultra Ball,Caught
Arcanine,Rare,13,91,None,Great Ball,Escaped
Lapras,Rare,67,90,Paralyze,Poke Ball,Escaped
Chansey,Rare,1,71,Paralyze,Poke Ball,Escaped
Zubat,Common,82,4,None,Great Ball,Escaped
Bagon,Rare,25,9,Paralyze,Great Ball,Caught
Zubat,Common,88,31,Paralyze,Ultra Ball,Caught
Gible,Rare,100,57,Paralyze,Ultra Ball,Escaped
Weedle,Common,56,38,Paralyze,Great Ball,Caught
Magikarp,Common,41,11,Sleep,Ultra Ball,Caught
Magikarp,Common,64,23,Sleep,Ultra Ball,Caught
Pidgey,Common,29,45,None,Great Ball,Escaped
Chansey,Rare,82,55,Paralyze,Poke Ball,Escaped
Rattata,Common,36,19,None,Poke Ball,Escaped
Poliwag,Common,21,33,None,Poke Ball,Escaped
Caterpie,Common,97,98,Paralyze,Great Ball,Escaped
Magikarp,Common,1,75,None,Great Ball,Escaped
Bidoof,Common,65,86,Poison,Ultra Ball,Escaped
Ho-Oh,Legendary,89,32,Sleep,Ultra Ball,Escaped
Beldum,Rare,2,8,None,Ultra Ball,Caught
Snorlax,Rare,61,2,None,Poke Ball,Escaped
Oddish,Common,90,58,Poison,Ultra Ball,Escaped
Bidoof,Common,17,30,None,Great Ball,Escaped
Pidgey,Common,83,79,None,Great Ball,Escaped
Bidoof,Common,30,7,Paralyze,Poke Ball,Caught
Sentret,Common,7,52,None,Great Ball,Escaped
Sentret,Common,54,17,Paralyze,Great Ball,Caught
Weedle,Common,91,65,None,Ultra Ball,Escaped
Kyogre,Legendary,36,69,None,Poke Ball,Escaped
Geodude,Common,38,70,Sleep,Poke Ball,Escaped
Pidgey,Common,75,24,None,Poke Ball,Escaped
Sentret,Common,49,11,Paralyze,Ultra Ball,Caught
Magikarp,Common,62,80,None,Poke Ball,Escaped
Gible,Rare,100,85,None,Ultra Ball,Escaped
Zigzagoon,Common,88,91,None,Poke Ball,Escaped
Lapras,Rare,10,36,None,Ultra Ball,Escaped
Bidoof,Common,99,60,None,Poke Ball,Escaped
Bidoof,Common,88,8,None,Great Ball,Escaped
Rattata,Common,8,50,Sleep,Ultra Ball,Caught
Arcanine,Rare,65,31,Sleep,Ultra Ball,Escaped
Weedle,Common,77,1,None,Ultra Ball,Caught
Weedle,Common,41,9,Paralyze,Poke Ball,Caught
Zubat,Common,5,13,None,Great Ball,Caught
Zigzagoon,Common,41,25,Paralyze,Poke Ball,Caught
Zubat,Common,73,96,Paralyze,Great Ball,Escaped
Articuno,Legendary,69,17,None,Ultra Ball,Escaped
Weedle,Common,86,82,None,Ultra Ball,Escaped
Geodude,Common,64,49,Sleep,Poke Ball,Escaped
Dialga,Legendary,49,36,None,Ultra Ball,Escaped
Zubat,Common,74,66,Sleep,Great Ball,Escaped
Caterpie,Common,57,53,None,Poke Ball,Escaped
Poliwag,Common,47,84,Sleep,Ultra Ball,Caught
Geodude,Common,73,62,None,Great Ball,Escaped
Groudon,Legendary,8,66,Sleep,Great Ball,Escaped
Weedle,Common,78,68,Paralyze,Ultra Ball,Escaped
Zapdos,Legendary,88,52,Paralyze,Great Ball,Escaped
Geodude,Common,60,45,None,Poke Ball,Escaped
Magikarp,Common,4,27,Paralyze,Great Ball,Caught
Poliwag,Common,65,32,None,Poke Ball,Escaped
Gyarados,Rare,32,61,Sleep,Ultra Ball,Escaped
Oddish,Common,56,5,Sleep,Poke Ball,Caught
Oddish,Common,70,64,Paralyze,Great Ball,Caught
Bidoof,Common,45,32,None,Great Ball,Escaped
Rattata,Common,67,51,None,Ultra Ball,Escaped
Rattata,Common,18,45,None,Ultra Ball,Caught
Pidgey,Common,77,22,Sleep,Great Ball,Escaped
Geodude,Common,86,19,Sleep,Ultra Ball,Caught
Caterpie,Common,93,38,None,Poke Ball,Escaped
Weedle,Common,44,71,None,Great Ball,Escaped
Chansey,Rare,89,27,None,Ultra Ball,Escaped
Pidgey,Common,79,39,Sleep,Great Ball,Escaped
Snorlax,Rare,7,82,Paralyze,Poke Ball,Escaped
Poliwag,Common,83,54,None,Great Ball,Escaped
Chansey,Rare,8,80,None,Ultra Ball,Escaped
Zigzagoon,Common,89,66,None,Poke Ball,Escaped
Geodude,Common,7,93,Poison,Poke Ball,Escaped
Poliwag,Common,48,85,Poison,Ultra Ball,Caught
Arcanine,Rare,48,44,None,Ultra Ball,Escaped
Articuno,Legendary,22,32,Sleep,Poke Ball,Escaped
Bidoof,Common,51,68,None,Great Ball,Escaped
Dialga,Legendary,10,25,None,Poke Ball,Escaped
Bagon,Rare,38,79,Sleep,Great Ball,Escaped
Sentret,Common,91,42,None,Poke Ball,Escaped
Arcanine,Rare,23,46,None,Great Ball,Escaped
Caterpie,Common,84,60,Sleep,Poke Ball,Escaped
Articuno,Legendary,48,47,Paralyze,Ultra Ball,Escaped
Rattata,Common,8,10,Paralyze,Great Ball,Caught
Arcanine,Rare,99,38,None,Great Ball,Escaped
Rattata,Common,2,69,None,Great Ball,Escaped
Lapras,Rare,100,89,Sleep,Poke Ball,Escaped
Gyarados,Rare,24,68,Sleep,Poke Ball,Escaped
Weedle,Common,79,34,Paralyze,Great Ball,Caught
Geodude,Common,82,86,None,Great Ball,Escaped
Scyther,Rare,42,54,None,Poke Ball,Escaped
Caterpie,Common,47,97,None,Ultra Ball,Escaped
Arcanine,Rare,7,90,Sleep,Great Ball,Escaped
Zubat,Common,2,48,None,Poke Ball,Escaped
Dratini,Rare,78,67,None,Great Ball,Escaped
Oddish,Common,36,44,Paralyze,Great Ball,Caught
Rattata,Common,79,37,Paralyze,Poke Ball,Escaped
Weedle,Common,100,63,Sleep,Great Ball,Escaped
Zubat,Common,31,91,Poison,Poke Ball,Escaped
Bidoof,Common,34,51,None,Poke Ball,Escaped
Arcanine,Rare,8,31,Sleep,Poke Ball,Escaped
Bagon,Rare,80,48,Sleep,Great Ball,Escaped
Poliwag,Common,23,62,Sleep,Poke Ball,Escaped
Zigzagoon,Common,41,84,None,Ultra Ball,Caught
Gible,Rare,88,85,Sleep,Poke Ball,Escaped
Rattata,Common,93,73,Poison,Great Ball,Escaped
Lapras,Rare,28,95,Paralyze,Ultra Ball,Escaped
Lapras,Rare,60,32,Sleep,Ultra Ball,Caught
Aerodactyl,Rare,31,37,Sleep,Ultra Ball,Caught
Gible,Rare,66,48,None,Poke Ball,Escaped
Snorlax,Rare,48,24,Paralyze,Ultra Ball,Caught
Sentret,Common,60,4,Paralyze,Ultra Ball,Caught
Bagon,Rare,15,45,None,Great Ball,Escaped
Larvitar,Rare,35,30,Poison,Great Ball,Escaped
Caterpie,Common,99,85,Poison,Poke Ball,Escaped
Pidgey,Common,10,26,Paralyze,Great Ball,Caught
Geodude,Common,62,6,Paralyze,Ultra Ball,Caught
Weedle,Common,7,2,None,Poke Ball,Caught
Zubat,Common,80,60,Sleep,Great Ball,Escaped
Scyther,Rare,71,55,Paralyze,Great Ball,Escaped
Oddish,Common,19,4,Sleep,Ultra Ball,Caught
Zubat,Common,27,47,None,Great Ball,Escaped
Chansey,Rare,64,69,None,Great Ball,Escaped
Dialga,Legendary,65,7,Sleep,Poke Ball,Escaped
Oddish,Common,24,100,Paralyze,Poke Ball,Escaped
Oddish,Common,30,64,Poison,Ultra Ball,Caught
Bidoof,Common,77,39,Paralyze,Ultra Ball,Caught
Sentret,Common,45,90,None,Poke Ball,Escaped
Weedle,Common,65,8,None,Poke Ball,Escaped
Kyogre,Legendary,15,18,None,Poke Ball,Escaped
Aerodactyl,Rare,61,97,Paralyze,Poke Ball,Escaped
Oddish,Common,41,45,Poison,Ultra Ball,Caught
Gyarados,Rare,88,63,None,Great Ball,Escaped
Scyther,Rare,64,37,None,Ultra Ball,Escaped
Geodude,Common,41,51,None,Great Ball,Escaped
Larvitar,Rare,97,97,Sleep,Ultra Ball,Escaped
Pidgey,Common,20,78,None,Great Ball,Escaped
Caterpie,Common,73,14,None,Ultra Ball,Caught
Zubat,Common,42,3,Paralyze,Ultra Ball,Caught
Gible,Rare,7,75,Sleep,Ultra Ball,Caught
Sentret,Common,7,58,None,Ultra Ball,Caught
Geodude,Common,7,69,None,Great Ball,Escaped
Zapdos,Legendary,14,27,None,Poke Ball,Escaped
Sentret,Common,23,3,None,Ultra Ball,Caught
Geodude,Common,37,11,Sleep,Ultra Ball,Caught
Beldum,Rare,60,42,None,Poke Ball,Escaped
Bidoof,Common,22,89,Sleep,Poke Ball,Escaped
Zigzagoon,Common,67,76,None,Great Ball,Escaped
Weedle,Common,20,45,None,Poke Ball,Escaped
Rattata,Common,31,25,None,Ultra Ball,Escaped
Zigzagoon,Common,3,66,None,Poke Ball,Escaped
Geodude,Common,76,95,Poison,Great Ball,Escaped
Articuno,Legendary,14,31,Paralyze,Poke Ball,Escaped
Sentret,Common,20,74,Poison,Ultra Ball,Escaped
Gible,Rare,87,62,None,Poke Ball,Escaped
Scyther,Rare,30,81,Sleep,Poke Ball,Escaped
Poliwag,Common,8,7,None,Ultra Ball,Caught
Weedle,Common,66,63,Paralyze,Ultra Ball,Caught
Bidoof,Common,57,77,Sleep,Great Ball,Escaped
Bagon,Rare,51,1,None,Great Ball,Escaped
Oddish,Common,62,46,None,Ultra Ball,Escaped
Beldum,Rare,98,3,Paralyze,Great Ball,Escaped
Magikarp,Common,32,88,None,Poke Ball,Escaped
Giratina,Legendary,41,74,None,Poke Ball,Escaped
Oddish,Common,30,41,Paralyze,Poke Ball,Caught
Snorlax,Rare,25,62,Paralyze,Ultra Ball,Caught
Larvitar,Rare,89,3,Paralyze,Ultra Ball,Caught
Zubat,Common,79,35,Paralyze,Great Ball,Caught
Rattata,Common,84,48,Paralyze,Great Ball,Escaped
Caterpie,Common,76,81,None,Ultra Ball,Escaped
Groudon,Legendary,78,22,Poison,Ultra Ball,Escaped
Groudon,Legendary,94,26,None,Poke Ball,Escaped
Arcanine,Rare,66,37,Sleep,Ultra Ball,Caught
Articuno,Legendary,60,4,None,Great Ball,Escaped
Geodude,Common,44,19,Poison,Poke Ball,Escaped
Oddish,Common,19,37,Paralyze,Poke Ball,Caught
Arcanine,Rare,81,8,Paralyze,Ultra Ball,Caught
Chansey,Rare,50,86,None,Great Ball,Escaped
Poliwag,Common,76,60,Poison,Poke Ball,Escaped
Sentret,Common,76,64,Paralyze,Great Ball,Escaped
Magikarp,Common,58,25,Sleep,Great Ball,Caught
Zapdos,Legendary,31,56,Sleep,Poke Ball,Escaped
Kyogre,Legendary,82,15,Sleep,Poke Ball,Escaped
Scyther,Rare,34,75,None,Poke Ball,Escaped
Snorlax,Rare,29,56,Sleep,Poke Ball,Escaped
Zigzagoon,Common,78,54,None,Great Ball,Escaped
Scyther,Rare,48,29,None,Ultra Ball,Escaped
Oddish,Common,83,85,None,Great Ball,Escaped
Poliwag,Common,27,93,Sleep,Poke Ball,Escaped
Sentret,Common,62,31,None,Great Ball,Escaped
Weedle,Common,79,17,None,Poke Ball,Escaped
Bidoof,Common,52,96,Paralyze,Ultra Ball,Caught
Caterpie,Common,44,79,Paralyze,Great Ball,Caught
Rattata,Common,24,5,None,Poke Ball,Escaped
Dialga,Legendary,74,47,None,Great Ball,Escaped
Bidoof,Common,6,88,None,Ultra Ball,Escaped
Aerodactyl,Rare,7,89,Paralyze,Great Ball,Escaped
Gyarados,Rare,19,14,Sleep,Poke Ball,Caught
Rayquaza,Legendary,48,55,None,Poke Ball,Escaped
Caterpie,Common,29,92,Poison,Ultra Ball,Escaped
Gible,Rare,19,95,None,Ultra Ball,Escaped
Beldum,Rare,33,60,Paralyze,Ultra Ball,Escaped
Weedle,Common,100,5,Sleep,Poke Ball,Caught
Poliwag,Common,18,36,Sleep,Ultra Ball,Caught
Magikarp,Common,16,32,None,Great Ball,Escaped
Articuno,Legendary,37,47,None,Poke Ball,Escaped
Sentret,Common,76,59,None,Ultra Ball,Escaped
Aerodactyl,Rare,68,29,None,Poke Ball,Escaped
Pidgey,Common,55,75,None,Ultra Ball,Escaped
Arcanine,Rare,17,99,None,Poke Ball,Escaped
Bidoof,Common,27,49,None,Great Ball,Escaped
Scyther,Rare,69,50,Sleep,Great Ball,Escaped
Sentret,Common,4,95,None,Great Ball,Escaped
Gible,Rare,23,77,None,Great Ball,Escaped
Geodude,Common,23,32,None,Poke Ball,Escaped
Weedle,Common,81,59,Sleep,Great Ball,Escaped
Geodude,Common,43,50,None,Ultra Ball,Caught
Zubat,Common,90,4,None,Poke Ball,Escaped
Lugia,Legendary,11,19,Sleep,Great Ball,Escaped
Dialga,Legendary,6,33,Sleep,Ultra Ball,Escaped
Magikarp,Common,40,22,None,Great Ball,Caught
Magikarp,Common,29,43,None,Poke Ball,Escaped
Oddish,Common,84,58,None,Great Ball,Escaped
Zubat,Common,50,99,Sleep,Poke Ball,Escaped
Rattata,Common,34,68,None,Great Ball,Escaped
Giratina,Legendary,53,54,Paralyze,Poke Ball,Escaped
Zigzagoon,Common,99,21,Paralyze,Great Ball,Escaped
Ho-Oh,Legendary,60,74,None,Poke Ball,Escaped
Pidgey,Common,74,6,None,Poke Ball,Escaped
Rattata,Common,46,87,Paralyze,Great Ball,Escaped
Bagon,Rare,58,6,None,Poke Ball,Escaped
Lapras,Rare,68,69,None,Ultra Ball,Escaped
Scyther,Rare,78,43,None,Poke Ball,Escaped
Weedle,Common,21,52,None,Great Ball,Escaped
Sentret,Common,17,81,None,Poke Ball,Escaped
Larvitar,Rare,87,56,None,Great Ball,Escaped
Aerodactyl,Rare,23,69,None,Ultra Ball,Escaped
Sentret,Common,68,91,None,Ultra Ball,Escaped
Dratini,Rare,95,80,None,Great Ball,Escaped
Weedle,Common,15,29,None,Great Ball,Escaped
Sentret,Common,65,63,Paralyze,Poke Ball,Escaped
Snorlax,Rare,67,80,None,Great Ball,Escaped
Geodude,Common,69,79,None,Poke Ball,Escaped
Gible,Rare,93,8,None,Ultra Ball,Caught
Sentret,Common,22,68,Paralyze,Poke Ball,Escaped
Zubat,Common,68,24,None,Poke Ball,Escaped
Magikarp,Common,65,89,None,Ultra Ball,Escaped
Rayquaza,Legendary,11,69,None,Poke Ball,Escaped
Zigzagoon,Common,89,73,Sleep,Great Ball,Escaped
Aerodactyl,Rare,81,38,None,Poke Ball,Escaped
Scyther,Rare,43,23,None,Poke Ball,Escaped
Rattata,Common,19,73,Sleep,Ultra Ball,Caught
Gible,Rare,52,73,Poison,Poke Ball,Escaped
Gible,Rare,1,12,Sleep,Ultra Ball,Caught
Poliwag,Common,50,100,Sleep,Ultra Ball,Caught
Palkia,Legendary,69,16,None,Poke Ball,Escaped
Giratina,Legendary,33,33,None,Poke Ball,Escaped
Weedle,Common,11,84,None,Great Ball,Escaped
Geodude,Common,43,20,Sleep,Great Ball,Caught
Magikarp,Common,21,24,Paralyze,Poke Ball,Escaped
Sentret,Common,92,72,None,Poke Ball,Escaped
Magikarp,Common,4,50,Poison,Great Ball,Caught
Rattata,Common,52,83,Sleep,Poke Ball,Escaped
Larvitar,Rare,67,29,None,Ultra Ball,Escaped
Sentret,Common,47,43,None,Great Ball,Escaped
Giratina,Legendary,80,65,None,Great Ball,Escaped
Sentret,Common,12,6,None,Poke Ball,Caught
Geodude,Common,34,11,Paralyze,Great Ball,Caught
Zigzagoon,Common,61,24,Sleep,Poke Ball,Escaped
Pidgey,Common,32,26,None,Ultra Ball,Caught
Magikarp,Common,21,90,None,Poke Ball,Escaped
Chansey,Rare,81,75,None,Great Ball,Escaped
Pidgey,Common,93,91,None,Great Ball,Escaped
Gyarados,Rare,67,12,None,Great Ball,Escaped
Dratini,Rare,35,10,Paralyze,Poke Ball,Escaped
Pidgey,Common,7,12,Paralyze,Ultra Ball,Caught
Caterpie,Common,20,74,Paralyze,Ultra Ball,Caught
Zigzagoon,Common,87,27,None,Ultra Ball,Caught
Bidoof,Common,79,3,None,Ultra Ball,Caught
Gyarados,Rare,39,6,Poison,Ultra Ball,Caught
Magikarp,Common,36,6,None,Great Ball,Escaped
Geodude,Common,87,46,None,Ultra Ball,Caught
Zigzagoon,Common,73,45,None,Great Ball,Escaped
Magikarp,Common,31,57,Paralyze,Great Ball,Caught
Poliwag,Common,9,95,Sleep,Poke Ball,Escaped
Poliwag,Common,18,10,None,Great Ball,Caught
Magikarp,Common,32,1,Poison,Great Ball,Caught
Ho-Oh,Legendary,43,36,None,Great Ball,Escaped
Geodude,Common,52,34,None,Poke Ball,Escaped
Magikarp,Common,90,92,Poison,Ultra Ball,Escaped
Articuno,Legendary,35,92,None,Great Ball,Escaped
Oddish,Common,39,47,None,Ultra Ball,Caught
Bagon,Rare,72,3,Paralyze,Ultra Ball,Caught
Arcanine,Rare,38,35,Paralyze,Great Ball,Escaped
Magikarp,Common,75,62,Paralyze,Poke Ball,Escaped
Pidgey,Common,96,47,Sleep,Great Ball,Escaped
Caterpie,Common,100,22,Sleep,Poke Ball,Escaped
Aerodactyl,Rare,81,48,Paralyze,Ultra Ball,Escaped
Geodude,Common,56,50,Paralyze,Poke Ball,Escaped
Chansey,Rare,19,49,Paralyze,Ultra Ball,Caught
Chansey,Rare,17,29,Poison,Poke Ball,Escaped
Zapdos,Legendary,80,93,None,Poke Ball,Escaped
Scyther,Rare,25,51,None,Poke Ball,Escaped
Arcanine,Rare,49,82,None,Poke Ball,Escaped
Beldum,Rare,66,45,None,Ultra Ball,Escaped
Larvitar,Rare,18,77,None,Great Ball,Escaped
Bagon,Rare,35,74,None,Poke Ball,Escaped
Palkia,Legendary,100,25,None,Ultra Ball,Escaped
Caterpie,Common,18,44,None,Poke Ball,Escaped
Sentret,Common,71,16,None,Great Ball,Escaped
Geodude,Common,94,36,Paralyze,Ultra Ball,Caught
Bidoof,Common,52,72,None,Great Ball,Escaped
Palkia,Legendary,91,18,Poison,Poke Ball,Escaped
Bidoof,Common,58,95,None,Poke Ball,Escaped
Bidoof,Common,18,23,None,Ultra Ball,Caught
Zigzagoon,Common,51,57,Paralyze,Great Ball,Caught
Pidgey,Common,99,6,Sleep,Ultra Ball,Caught
Beldum,Rare,8,63,Paralyze,Ultra Ball,Caught
Rattata,Common,56,68,None,Great Ball,Escaped
Lugia,Legendary,44,87,None,Poke Ball,Escaped
Magikarp,Common,24,74,None,Poke Ball,Escaped
Oddish,Common,54,96,None,Ultra Ball,Escaped
Zubat,Common,37,20,None,Poke Ball,Caught
Weedle,Common,28,81,Paralyze,Poke Ball,Escaped
Magikarp,Common,4,91,None,Great Ball,Escaped
Sentret,Common,10,95,None,Poke Ball,Escaped
Beldum,Rare,5,93,Poison,Ultra Ball,Caught
Arcanine,Rare,36,38,None,Ultra Ball,Escaped
Gyarados,Rare,10,23,Paralyze,Ultra Ball,Caught
Weedle,Common,57,36,Paralyze,Poke Ball,Escaped
Oddish,Common,83,41,None,Great Ball,Escaped
Magikarp,Common,1,51,None,Poke Ball,Escaped
Zigzagoon,Common,80,67,Sleep,Great Ball,Escaped
Magikarp,Common,48,37,Paralyze,Ultra Ball,Caught
Pidgey,Common,4,66,None,Great Ball,Escaped
Zubat,Common,9,18,None,Great Ball,Caught
Chansey,Rare,60,15,Poison,Poke Ball,Escaped
Beldum,Rare,90,2,None,Poke Ball,Escaped
Chansey,Rare,61,94,Sleep,Great Ball,Escaped
Arceus,Legendary,14,14,Paralyze,Poke Ball,Escaped
Sentret,Common,61,3,Sleep,Ultra Ball,Caught
Zubat,Common,50,16,None,Poke Ball,Escaped
Gible,Rare,70,43,None,Great Ball,Escaped
Pidgey,Common,68,14,Paralyze,Great Ball,Caught
Sentret,Common,11,16,None,Ultra Ball,Caught
Arceus,Legendary,5,66,None,Great Ball,Escaped
Poliwag,Common,52,64,None,Great Ball,Escaped
Beldum,Rare,72,40,Sleep,Ultra Ball,Caught
Weedle,Common,51,51,None,Great Ball,Escaped
Zubat,Common,40,13,Paralyze,Ultra Ball,Caught
Articuno,Legendary,66,65,Sleep,Great Ball,Escaped
Gible,Rare,89,31,None,Ultra Ball,Escaped
Geodude,Common,70,50,None,Ultra Ball,Caught
Bagon,Rare,53,50,Sleep,Poke Ball,Escaped
Pidgey,Common,12,92,None,Poke Ball,Escaped
Pidgey,Common,64,82,Paralyze,Great Ball,Escaped
Poliwag,Common,46,3,None,Poke Ball,Escaped
Geodude,Common,62,82,None,Great Ball,Escaped
Geodude,Common,66,99,Sleep,Great Ball,Escaped
Larvitar,Rare,96,95,None,Ultra Ball,Escaped
Rattata,Common,38,74,Sleep,Poke Ball,Escaped
Pidgey,Common,47,62,Paralyze,Poke Ball,Escaped
Pidgey,Common,92,80,None,Ultra Ball,Escaped
Zigzagoon,Common,5,86,Poison,Poke Ball,Escaped
Chansey,Rare,56,61,None,Great Ball,Escaped
Aerodactyl,Rare,72,49,None,Great Ball,Escaped
Aerodactyl,Rare,12,94,None,Ultra Ball,Escaped
Sentret,Common,20,25,None,Great Ball,Escaped
Arcanine,Rare,49,14,Paralyze,Great Ball,Caught
Ho-Oh,Legendary,58,7,Paralyze,Great Ball,Escaped
Bidoof,Common,69,88,None,Great Ball,Escaped
Dialga,Legendary,30,83,Sleep,Great Ball,Escaped
Mewtwo,Legendary,49,55,None,Poke Ball,Escaped
Poliwag,Common,46,74,None,Great Ball,Escaped
Scyther,Rare,31,90,None,Poke Ball,Escaped
Poliwag,Common,69,39,None,Great Ball,Escaped
Sentret,Common,30,32,Paralyze,Great Ball,Caught
Sentret,Common,91,48,None,Poke Ball,Escaped
Magikarp,Common,63,11,None,Great Ball,Escaped
Sentret,Common,41,34,None,Great Ball,Escaped
Geodude,Common,34,6,None,Ultra Ball,Caught
Beldum,Rare,58,9,None,Great Ball,Escaped
Sentret,Common,53,69,Poison,Great Ball,Escaped
Rattata,Common,26,30,None,Great Ball,Escaped
Arcanine,Rare,37,23,None,Great Ball,Escaped
Zubat,Common,51,72,Paralyze,Ultra Ball,Caught
Pidgey,Common,27,40,None,Great Ball,Caught
Aerodactyl,Rare,41,92,Sleep,Poke Ball,Escaped
Geodude,Common,70,5,Sleep,Ultra Ball,Caught
Oddish,Common,68,81,None,Poke Ball,Escaped
Chansey,Rare,28,68,Sleep,Ultra Ball,Caught
Gible,Rare,60,27,Sleep,Great Ball,Escaped
Bidoof,Common,54,99,Paralyze,Great Ball,Escaped
Magikarp,Common,72,35,Paralyze,Great Ball,Caught
Chansey,Rare,94,62,None,Ultra Ball,Escaped
Beldum,Rare,44,60,None,Poke Ball,Escaped
Magikarp,Common,19,59,None,Poke Ball,Escaped
Sentret,Common,30,40,Poison,Great Ball,Caught
Gyarados,Rare,50,16,Sleep,Poke Ball,Escaped
Arcanine,Rare,62,31,Paralyze,Great Ball,Caught
Oddish,Common,91,77,None,Poke Ball,Escaped
Sentret,Common,76,87,None,Great Ball,Escaped
Magikarp,Common,47,10,Sleep,Poke Ball,Caught
Weedle,Common,45,95,None,Great Ball,Escaped
Zigzagoon,Common,9,30,None,Great Ball,Caught
Gyarados,Rare,94,75,Paralyze,Great Ball,Escaped
Pidgey,Common,68,45,None,Great Ball,Escaped
Beldum,Rare,4,2,None,Poke Ball,Escaped
Rattata,Common,66,1,None,Great Ball,Caught
Lapras,Rare,34,58,None,Great Ball,Escaped
Gible,Rare,8,54,Paralyze,Poke Ball,Escaped
Lugia,Legendary,32,71,None,Poke Ball,Escaped
Zigzagoon,Common,47,66,None,Ultra Ball,Escaped
Lugia,Legendary,47,5,Sleep,Poke Ball,Escaped
Pidgey,Common,69,100,None,Ultra Ball,Escaped
Lapras,Rare,39,77,None,Poke Ball,Escaped
Zigzagoon,Common,50,4,None,Great Ball,Escaped
Bidoof,Common,90,4,None,Great Ball,Escaped
Scyther,Rare,55,13,None,Poke Ball,Escaped
Ho-Oh,Legendary,34,53,Poison,Poke Ball,Escaped
Rattata,Common,22,71,None,Ultra Ball,Escaped
Groudon,Legendary,8,55,None,Poke Ball,Escaped
Rattata,Common,40,47,None,Poke Ball,Escaped
Dratini,Rare,29,30,Sleep,Ultra Ball,Caught
Palkia,Legendary,96,8,None,Poke Ball,Escaped
Snorlax,Rare,60,32,None,Ultra Ball,Escaped
Dialga,Legendary,35,81,None,Great Ball,Escaped
Bidoof,Common,1,58,Poison,Poke Ball,Escaped
Lugia,Legendary,23,30,Paralyze,Great Ball,Escaped
Zigzagoon,Common,62,13,None,Poke Ball,Escaped
Magikarp,Common,41,4,None,Ultra Ball,Caught
Zubat,Common,76,7,None,Great Ball,Escaped
Zubat,Common,92,25,Paralyze,Ultra Ball,Caught
Oddish,Common,48,44,None,Poke Ball,Escaped
Gible,Rare,90,89,Sleep,Ultra Ball,Escaped
Caterpie,Common,25,91,None,Poke Ball,Escaped
Weedle,Common,69,86,None,Poke Ball,Escaped
Sentret,Common,61,85,Sleep,Poke Ball,Escaped
Groudon,Legendary,31,43,Poison,Great Ball,Escaped
Lapras,Rare,1,76,Poison,Great Ball,Escaped
Zubat,Common,21,95,None,Ultra Ball,Escaped
Larvitar,Rare,28,71,Poison,Great Ball,Escaped
Zigzagoon,Common,36,37,None,Poke Ball,Escaped
Aerodactyl,Rare,8,58,Poison,Ultra Ball,Caught
Geodude,Common,75,75,None,Ultra Ball,Escaped
Rayquaza,Legendary,41,54,Sleep,Poke Ball,Escaped
Palkia,Legendary,36,79,None,Great Ball,Escaped
Rattata,Common,2,59,None,Ultra Ball,Caught
Poliwag,Common,58,33,None,Great Ball,Escaped
Rattata,Common,53,95,Paralyze,Great Ball,Escaped
Oddish,Common,93,7,None,Ultra Ball,Caught
Dratini,Rare,21,67,None,Ultra Ball,Escaped
Arcanine,Rare,55,49,Sleep,Poke Ball,Escaped
Lapras,Rare,70,11,None,Ultra Ball,Escaped
Weedle,Common,36,17,None,Ultra Ball,Caught
Arcanine,Rare,53,46,None,Poke Ball,Escaped
Zigzagoon,Common,58,98,None,Poke Ball,Escaped
Chansey,Rare,36,16,Poison,Ultra Ball,Escaped
Caterpie,Common,86,26,Sleep,Ultra Ball,Caught
Oddish,Common,26,25,Sleep,Ultra Ball,Caught
Weedle,Common,5,28,None,Poke Ball,Escaped
Articuno,Legendary,14,15,None,Poke Ball,Escaped
Zubat,Common,66,83,None,Poke Ball,Escaped
Snorlax,Rare,86,50,Paralyze,Ultra Ball,Caught
Zigzagoon,Common,84,7,None,Great Ball,Caught
Bidoof,Common,2,100,None,Poke Ball,Escaped
Larvitar,Rare,16,86,None,Ultra Ball,Escaped
Poliwag,Common,6,81,None,Great Ball,Escaped
Rattata,Common,14,32,Sleep,Poke Ball,Caught
Magikarp,Common,45,10,None,Poke Ball,Escaped
Rattata,Common,66,9,Paralyze,Ultra Ball,Caught
Pidgey,Common,93,43,Paralyze,Ultra Ball,Caught
Weedle,Common,15,61,Sleep,Great Ball,Escaped
Dratini,Rare,43,80,Paralyze,Great Ball,Escaped
Zigzagoon,Common,39,68,Sleep,Great Ball,Escaped
Gible,Rare,49,26,Paralyze,Ultra Ball,Caught
Scyther,Rare,58,12,Poison,Ultra Ball,Caught
Sentret,Common,73,39,None,Great Ball,Escaped
Zigzagoon,Common,6,49,None,Poke Ball,Escaped
Sentret,Common,84,37,Paralyze,Great Ball,Escaped
Pidgey,Common,95,61,None,Poke Ball,Escaped
Gyarados,Rare,42,58,Paralyze,Ultra Ball,Escaped
Zigzagoon,Common,65,49,None,Ultra Ball,Caught
Dratini,Rare,98,19,None,Great Ball,Escaped
Pidgey,Common,27,7,None,Poke Ball,Caught
Magikarp,Common,48,62,Paralyze,Poke Ball,Escaped
Magikarp,Common,47,10,None,Great Ball,Caught
Larvitar,Rare,66,16,None,Great Ball,Escaped
Pidgey,Common,59,74,Sleep,Poke Ball,Escaped
Sentret,Common,38,38,None,Ultra Ball,Caught
Magikarp,Common,37,85,Poison,Great Ball,Escaped
Lugia,Legendary,60,69,Poison,Poke Ball,Escaped
Weedle,Common,42,62,None,Great Ball,Escaped
Bidoof,Common,65,54,None,Ultra Ball,Escaped
Rattata,Common,90,58,Sleep,Poke Ball,Escaped
Gyarados,Rare,73,11,None,Ultra Ball,Escaped
Sentret,Common,67,56,None,Poke Ball,Escaped
Rattata,Common,96,4,None,Ultra Ball,Caught
Bidoof,Common,70,63,None,Poke Ball,Escaped
Beldum,Rare,87,84,None,Poke Ball,Escaped
Gyarados,Rare,38,17,Poison,Poke Ball,Escaped
Chansey,Rare,20,96,None,Poke Ball,Escaped
Articuno,Legendary,59,43,None,Ultra Ball,Escaped
Aerodactyl,Rare,64,12,Poison,Ultra Ball,Escaped
Gible,Rare,18,72,None,Ultra Ball,Escaped
Rattata,Common,83,3,None,Poke Ball,Escaped
Pidgey,Common,96,62,Poison,Poke Ball,Escaped
Ho-Oh,Legendary,77,42,Sleep,Poke Ball,Escaped
Rattata,Common,98,89,None,Great Ball,Escaped
Bidoof,Common,21,6,Paralyze,Poke Ball,Caught
Pidgey,Common,13,28,None,Ultra Ball,Caught
Caterpie,Common,64,50,None,Ultra Ball,Escaped
Magikarp,Common,39,42,Sleep,Ultra Ball,Caught
Zapdos,Legendary,5,68,Paralyze,Poke Ball,Escaped
Bagon,Rare,22,99,Poison,Poke Ball,Escaped
Pidgey,Common,3,66,Poison,Poke Ball,Escaped
Zubat,Common,48,34,None,Ultra Ball,Escaped
Arcanine,Rare,72,28,Sleep,Great Ball,Escaped
Caterpie,Common,86,55,Paralyze,Poke Ball,Escaped
Lapras,Rare,88,76,None,Great Ball,Escaped
Weedle,Common,38,60,None,Poke Ball,Escaped
Zigzagoon,Common,50,21,Paralyze,Poke Ball,Caught
Aerodactyl,Rare,41,47,None,Ultra Ball,Escaped
Bidoof,Common,88,24,Paralyze,Ultra Ball,Caught
Sentret,Common,91,71,None,Poke Ball,Escaped
Magikarp,Common,33,46,Sleep,Ultra Ball,Caught
Aerodactyl,Rare,31,59,Paralyze,Poke Ball,Escaped
Scyther,Rare,23,33,None,Poke Ball,Escaped
Geodude,Common,12,52,None,Poke Ball,Escaped
Larvitar,Rare,5,72,None,Poke Ball,Escaped
Oddish,Common,44,58,Paralyze,Great Ball,Escaped
Magikarp,Common,75,89,None,Great Ball,Escaped
Pidgey,Common,34,5,Paralyze,Great Ball,Caught
Rattata,Common,74,93,Paralyze,Ultra Ball,Caught
Pidgey,Common,40,19,None,Great Ball,Escaped
Giratina,Legendary,34,27,Paralyze,Great Ball,Escaped
Oddish,Common,86,7,Paralyze,Poke Ball,Caught
Dratini,Rare,54,25,Paralyze,Poke Ball,Escaped
Caterpie,Common,87,20,None,Ultra Ball,Caught
Rattata,Common,26,77,None,Poke Ball,Escaped
Ho-Oh,Legendary,26,67,Paralyze,Great Ball,Escaped
Dratini,Rare,41,19,None,Poke Ball,Escaped
Weedle,Common,92,38,Sleep,Ultra Ball,Caught
Beldum,Rare,35,61,Sleep,Poke Ball,Escaped
Magikarp,Common,78,91,None,Poke Ball,Escaped
Bidoof,Common,15,42,Paralyze,Great Ball,Caught
Larvitar,Rare,24,30,Sleep,Great Ball,Escaped
Caterpie,Common,64,24,None,Ultra Ball,Escaped
Magikarp,Common,87,84,Sleep,Ultra Ball,Escaped
Magikarp,Common,17,37,Sleep,Great Ball,Caught
Gible,Rare,48,59,None,Great Ball,Escaped
Zubat,Common,82,50,None,Great Ball,Escaped
Weedle,Common,33,73,Poison,Poke Ball,Escaped
Gyarados,Rare,18,58,Sleep,Great Ball,Escaped
Zubat,Common,37,3,None,Poke Ball,Caught
Zubat,Common,24,26,Paralyze,Ultra Ball,Caught
Giratina,Legendary,2,23,None,Great Ball,Escaped
Lapras,Rare,24,84,Poison,Ultra Ball,Escaped
Caterpie,Common,16,93,None,Ultra Ball,Caught
Rattata,Common,20,33,None,Poke Ball,Escaped
Lapras,Rare,54,83,None,Poke Ball,Escaped
Gible,Rare,82,95,None,Great Ball,Escaped
Aerodactyl,Rare,75,61,None,Great Ball,Escaped
Geodude,Common,9,71,Paralyze,Poke Ball,Escaped
Dialga,Legendary,31,82,Paralyze,Great Ball,Escaped
Larvitar,Rare,69,49,Poison,Poke Ball,Escaped
Dratini,Rare,74,9,None,Ultra Ball,Caught
Chansey,Rare,1,87,None,Ultra Ball,Escaped
Dratini,Rare,45,33,None,Ultra Ball,Escaped
Pidgey,Common,1,23,None,Great Ball,Escaped
Sentret,Common,59,85,Sleep,Ultra Ball,Caught
Mewtwo,Legendary,38,83,None,Ultra Ball,Escaped
Gyarados,Rare,79,11,Paralyze,Ultra Ball,Caught
Rattata,Common,23,36,None,Poke Ball,Escaped
Oddish,Common,51,42,None,Ultra Ball,Escaped
Gible,Rare,27,9,None,Ultra Ball,Escaped
Oddish,Common,82,96,None,Ultra Ball,Escaped
Bidoof,Common,39,62,None,Ultra Ball,Caught
Poliwag,Common,83,25,Paralyze,Ultra Ball,Caught
Geodude,Common,3,84,Sleep,Ultra Ball,Caught
Zigzagoon,Common,45,28,Poison,Poke Ball,Escaped
Bagon,Rare,79,7,Sleep,Ultra Ball,Caught
Weedle,Common,98,9,None,Great Ball,Escaped
Poliwag,Common,19,10,Paralyze,Great Ball,Caught
Caterpie,Common,50,22,None,Great Ball,Escaped
Poliwag,Common,86,71,Poison,Ultra Ball,Escaped
Rattata,Common,77,54,None,Ultra Ball,Escaped
Oddish,Common,62,21,None,Poke Ball,Escaped
Zigzagoon,Common,79,11,Sleep,Great Ball,Caught
Magikarp,Common,38,44,None,Poke Ball,Escaped
Magikarp,Common,9,93,None,Great Ball,Escaped
Lapras,Rare,61,91,Poison,Great Ball,Escaped
Sentret,Common,88,82,Paralyze,Great Ball,Escaped
Palkia,Legendary,87,24,Paralyze,Great Ball,Escaped
Scyther,Rare,84,58,Paralyze,Poke Ball,Escaped
Zubat,Common,54,99,Paralyze,Poke Ball,Escaped
Bidoof,Common,71,69,Paralyze,Great Ball,Escaped
Bagon,Rare,29,24,Sleep,Great Ball,Caught
Zigzagoon,Common,46,63,None,Ultra Ball,Caught
Giratina,Legendary,84,39,None,Poke Ball,Escaped
Zapdos,Legendary,91,24,None,Ultra Ball,Escaped
Beldum,Rare,1,76,Sleep,Poke Ball,Escaped
Articuno,Legendary,47,46,None,Poke Ball,Escaped
Sentret,Common,43,53,Poison,Ultra Ball,Caught
Oddish,Common,54,11,Poison,Poke Ball,Escaped
Oddish,Common,16,34,None,Great Ball,Escaped
Dratini,Rare,36,97,None,Ultra Ball,Escaped
Sentret,Common,4,75,None,Great Ball,Escaped
Zubat,Common,62,27,Poison,Ultra Ball,Caught
Magikarp,Common,79,60,Sleep,Great Ball,Escaped
Zigzagoon,Common,51,53,None,Ultra Ball,Escaped
Arceus,Legendary,72,94,None,Poke Ball,Escaped
Aerodactyl,Rare,17,19,None,Ultra Ball,Caught
Pidgey,Common,80,7,Poison,Great Ball,Caught
Magikarp,Common,96,53,Sleep,Ultra Ball,Caught
Scyther,Rare,27,24,Paralyze,Poke Ball,Escaped
Pidgey,Common,85,79,Poison,Great Ball,Escaped
Poliwag,Common,7,63,Sleep,Poke Ball,Caught
Sentret,Common,8,53,None,Poke Ball,Escaped
Palkia,Legendary,53,57,None,Great Ball,Escaped
Zapdos,Legendary,38,32,Sleep,Great Ball,Escaped
Pidgey,Common,25,12,Poison,Ultra Ball,Caught
Groudon,Legendary,77,95,None,Ultra Ball,Escaped
Beldum,Rare,16,96,Sleep,Poke Ball,Escaped
Magikarp,Common,7,33,Poison,Ultra Ball,Caught
Oddish,Common,47,48,None,Ultra Ball,Caught
Weedle,Common,41,88,None,Great Ball,Escaped
Aerodactyl,Rare,24,99,None,Ultra Ball,Escaped
Poliwag,Common,35,72,None,Ultra Ball,Caught
Caterpie,Common,45,77,Sleep,Great Ball,Escaped
Zigzagoon,Common,18,75,None,Ultra Ball,Escaped
Sentret,Common,61,73,None,Poke Ball,Escaped
Gyarados,Rare,67,96,Paralyze,Ultra Ball,Escaped
Zigzagoon,Common,99,15,Sleep,Great Ball,Caught
Ho-Oh,Legendary,64,7,Sleep,Poke Ball,Escaped
Weedle,Common,67,62,None,Great Ball,Escaped
Weedle,Common,34,21,Paralyze,Poke Ball,Caught
Larvitar,Rare,12,9,Poison,Ultra Ball,Caught
Pidgey,Common,44,21,None,Great Ball,Escaped
Bagon,Rare,100,8,None,Ultra Ball,Escaped
Weedle,Common,14,24,Sleep,Great Ball,Caught
Rattata,Common,25,10,None,Poke Ball,Escaped
Geodude,Common,20,95,Poison,Poke Ball,Escaped
Gyarados,Rare,35,38,None,Ultra Ball,Escaped
Zigzagoon,Common,85,78,None,Great Ball,Escaped
Kyogre,Legendary,41,64,None,Ultra Ball,Escaped
Snorlax,Rare,3,48,None,Great Ball,Escaped
Magikarp,Common,49,80,Sleep,Poke Ball,Escaped
Zigzagoon,Common,67,3,None,Poke Ball,Escaped
Bidoof,Common,24,30,None,Ultra Ball,Caught
Oddish,Common,74,11,None,Poke Ball,Escaped
Pidgey,Common,64,92,Poison,Poke Ball,Escaped
Scyther,Rare,18,76,None,Ultra Ball,Escaped
Zapdos,Legendary,74,34,Sleep,Great Ball,Escaped
Snorlax,Rare,70,46,Sleep,Poke Ball,Escaped
Arcanine,Rare,40,34,Poison,Poke Ball,Escaped
Caterpie,Common,24,21,None,Ultra Ball,Caught
Sentret,Common,76,80,None,Poke Ball,Escaped
Pidgey,Common,82,92,Sleep,Poke Ball,Escaped
Bidoof,Common,94,59,Paralyze,Ultra Ball,Escaped
Gyarados,Rare,97,67,Paralyze,Poke Ball,Escaped
Snorlax,Rare,86,82,Paralyze,Ultra Ball,Escaped
Rattata,Common,4,79,Sleep,Ultra Ball,Caught
Poliwag,Common,79,20,Sleep,Great Ball,Caught
Poliwag,Common,40,77,None,Poke Ball,Escaped
Pidgey,Common,74,75,Paralyze,Great Ball,Escaped
Larvitar,Rare,44,19,None,Great Ball,Escaped
Rattata,Common,85,40,None,Ultra Ball,Escaped
Zigzagoon,Common,65,13,None,Poke Ball,Escaped
Oddish,Common,92,1,Sleep,Great Ball,Caught
Geodude,Common,66,73,None,Great Ball,Escaped
Weedle,Common,9,83,Paralyze,Great Ball,Escaped
Bagon,Rare,19,50,Paralyze,Ultra Ball,Caught
Beldum,Rare,71,21,None,Ultra Ball,Escaped
Giratina,Legendary,36,86,Poison,Ultra Ball,Escaped
Geodude,Common,89,65,None,Poke Ball,Escaped
Rattata,Common,27,6,None,Ultra Ball,Caught
Oddish,Common,45,90,Sleep,Poke Ball,Escaped
Pidgey,Common,34,72,None,Ultra Ball,Escaped
Magikarp,Common,9,96,None,Great Ball,Escaped
Magikarp,Common,31,48,Sleep,Poke Ball,Caught
Geodude,Common,35,69,Poison,Ultra Ball,Escaped
Oddish,Common,40,87,None,Ultra Ball,Escaped
Dialga,Legendary,7,40,Paralyze,Great Ball,Escaped
Caterpie,Common,99,69,None,Poke Ball,Escaped
Sentret,Common,65,1,None,Poke Ball,Escaped
Zubat,Common,46,66,Paralyze,Poke Ball,Escaped
Bagon,Rare,50,35,Sleep,Ultra Ball,Escaped
Sentret,Common,1,77,None,Poke Ball,Escaped
Zubat,Common,13,56,Sleep,Great Ball,Caught
Weedle,Common,22,39,Paralyze,Poke Ball,Caught
Zubat,Common,69,2,None,Ultra Ball,Caught
Pidgey,Common,8,57,Sleep,Poke Ball,Escaped
Magikarp,Common,21,51,None,Poke Ball,Escaped
Chansey,Rare,42,11,Paralyze,Poke Ball,Caught
Sentret,Common,97,15,None,Poke Ball,Escaped
Rattata,Common,76,49,None,Great Ball,Escaped
Sentret,Common,72,98,Sleep,Great Ball,Caught
Scyther,Rare,45,49,Paralyze,Poke Ball,Escaped
Lapras,Rare,89,66,None,Ultra Ball,Escaped
Bagon,Rare,11,18,Paralyze,Great Ball,Caught
Snorlax,Rare,68,58,Paralyze,Great Ball,Escaped
Poliwag,Common,96,88,Paralyze,Ultra Ball,Caught
Caterpie,Common,85,18,Paralyze,Poke Ball,Caught
Lapras,Rare,9,61,Sleep,Poke Ball,Escaped
Larvitar,Rare,77,56,None,Great Ball,Escaped
Sentret,Common,44,86,None,Great Ball,Escaped
Zubat,Common,75,12,Poison,Great Ball,Caught
Poliwag,Common,23,76,Paralyze,Great Ball,Caught
Arcanine,Rare,71,3,None,Great Ball,Escaped
Zubat,Common,45,64,None,Great Ball,Escaped
Caterpie,Common,91,35,None,Ultra Ball,Escaped
Pidgey,Common,72,37,Poison,Ultra Ball,Caught
Beldum,Rare,63,5,Paralyze,Ultra Ball,Caught
Weedle,Common,19,78,Sleep,Ultra Ball,Caught
Lapras,Rare,20,50,None,Ultra Ball,Caught
Gyarados,Rare,81,89,None,Ultra Ball,Escaped
Snorlax,Rare,98,6,None,Great Ball,Escaped
Arcanine,Rare,80,92,Sleep,Ultra Ball,Escaped
Zigzagoon,Common,98,2,None,Ultra Ball,Escaped
Ho-Oh,Legendary,98,51,Sleep,Ultra Ball,Escaped
Zigzagoon,Common,69,24,Sleep,Ultra Ball,Caught
Groudon,Legendary,38,87,None,Great Ball,Escaped
Zigzagoon,Common,72,99,None,Poke Ball,Escaped
Oddish,Common,97,96,Sleep,Poke Ball,Escaped
Magikarp,Common,25,18,Paralyze,Poke Ball,Caught
Oddish,Common,38,56,Sleep,Ultra Ball,Caught
Pidgey,Common,28,57,Paralyze,Poke Ball,Caught
Caterpie,Common,58,99,None,Great Ball,Escaped
Lugia,Legendary,85,53,None,Poke Ball,Escaped
Weedle,Common,2,27,None,Poke Ball,Escaped
Groudon,Legendary,94,8,None,Ultra Ball,Escaped
Sentret,Common,73,38,None,Ultra Ball,Escaped
Bagon,Rare,85,21,None,Ultra Ball,Escaped
Giratina,Legendary,7,90,None,Ultra Ball,Escaped
Rattata,Common,31,80,Paralyze,Poke Ball,Escaped
Dratini,Rare,26,94,None,Great Ball,Escaped
Weedle,Common,54,4,Paralyze,Ultra Ball,Caught
Bagon,Rare,33,69,Sleep,Poke Ball,Escaped
Bidoof,Common,13,97,Paralyze,Ultra Ball,Caught
Gyarados,Rare,7,99,None,Great Ball,Escaped
Beldum,Rare,33,96,Paralyze,Ultra Ball,Caught
Zubat,Common,88,34,None,Poke Ball,Escaped
Bidoof,Common,73,33,Sleep,Great Ball,Escaped
Snorlax,Rare,75,64,Paralyze,Great Ball,Escaped
Sentret,Common,89,7,Poison,Poke Ball,Escaped
Scyther,Rare,23,10,None,Great Ball,Caught
Caterpie,Common,10,50,Sleep,Ultra Ball,Caught
Zigzagoon,Common,42,64,None,Ultra Ball,Escaped
Giratina,Legendary,33,21,Poison,Great Ball,Escaped
Weedle,Common,51,75,None,Poke Ball,Escaped
Gyarados,Rare,80,90,None,Great Ball,Escaped
Lapras,Rare,39,22,None,Poke Ball,Escaped
Aerodactyl,Rare,42,1,None,Poke Ball,Escaped
Oddish,Common,96,78,Poison,Great Ball,Escaped
Bidoof,Common,52,13,Paralyze,Great Ball,Caught
Pidgey,Common,18,77,None,Ultra Ball,Escaped
Gible,Rare,49,53,None,Great Ball,Escaped
Bagon,Rare,13,56,Poison,Ultra Ball,Escaped
Poliwag,Common,24,32,None,Great Ball,Escaped
Zubat,Common,82,60,Paralyze,Great Ball,Escaped
Gible,Rare,72,8,None,Great Ball,Escaped
Geodude,Common,49,24,None,Ultra Ball,Caught
Larvitar,Rare,13,79,Sleep,Poke Ball,Escaped
Caterpie,Common,97,62,None,Ultra Ball,Escaped
Caterpie,Common,14,73,Paralyze,Great Ball,Caught
Lapras,Rare,66,35,None,Ultra Ball,Escaped
Pidgey,Common,16,80,None,Poke Ball,Escaped
Snorlax,Rare,68,37,None,Great Ball,Escaped
Scyther,Rare,74,88,None,Ultra Ball,Escaped
Pidgey,Common,92,69,None,Ultra Ball,Escaped
Bidoof,Common,61,21,Poison,Poke Ball,Escaped
Snorlax,Rare,81,20,None,Ultra Ball,Caught
Gyarados,Rare,61,44,Paralyze,Ultra Ball,Caught
Dratini,Rare,51,32,None,Great Ball,Escaped
Larvitar,Rare,34,49,Poison,Poke Ball,Escaped
Sentret,Common,92,61,Paralyze,Great Ball,Escaped
Larvitar,Rare,93,2,Poison,Poke Ball,Escaped
Gible,Rare,27,8,None,Ultra Ball,Escaped
Aerodactyl,Rare,28,98,Paralyze,Poke Ball,Escaped
Articuno,Legendary,35,81,Poison,Poke Ball,Escaped
Oddish,Common,51,75,Poison,Great Ball,Escaped
Weedle,Common,92,82,Sleep,Poke Ball,Escaped
Chansey,Rare,84,28,None,Great Ball,Escaped
Geodude,Common,96,8,Poison,Great Ball,Escaped
Caterpie,Common,16,26,Sleep,Poke Ball,Escaped
Oddish,Common,42,63,None,Ultra Ball,Escaped
Lugia,Legendary,46,62,Paralyze,Poke Ball,Escaped
Poliwag,Common,81,96,Sleep,Poke Ball,Escaped
Caterpie,Common,36,98,Sleep,Ultra Ball,Caught
Dratini,Rare,79,16,Paralyze,Great Ball,Escaped
Bidoof,Common,60,37,Poison,Great Ball,Escaped
Zubat,Common,76,93,None,Great Ball,Escaped
Zubat,Common,76,87,Sleep,Great Ball,Escaped
Bagon,Rare,27,81,None,Poke Ball,Escaped
Sentret,Common,88,16,None,Great Ball,Escaped
Beldum,Rare,29,84,None,Great Ball,Escaped
Zigzagoon,Common,14,81,Poison,Poke Ball,Escaped
Poliwag,Common,29,12,Poison,Ultra Ball,Caught
Beldum,Rare,8,96,None,Great Ball,Escaped
Lapras,Rare,50,99,None,Ultra Ball,Escaped
Arcanine,Rare,86,93,Sleep,Ultra Ball,Escaped
Magikarp,Common,81,22,Paralyze,Poke Ball,Escaped
Poliwag,Common,93,91,Sleep,Poke Ball,Escaped
Magikarp,Common,60,76,None,Poke Ball,Escaped
Poliwag,Common,18,38,Sleep,Great Ball,Caught
Geodude,Common,91,47,Paralyze,Poke Ball,Escaped
Ho-Oh,Legendary,81,70,None,Poke Ball,Escaped
Lapras,Rare,49,86,None,Great Ball,Escaped
Gyarados,Rare,46,80,None,Ultra Ball,Escaped
Rattata,Common,56,69,Sleep,Great Ball,Escaped
Rattata,Common,52,49,None,Ultra Ball,Caught
Pidgey,Common,11,76,None,Great Ball,Escaped
Weedle,Common,87,93,Sleep,Great Ball,Escaped
Oddish,Common,32,16,None,Poke Ball,Caught
Palkia,Legendary,43,53,Poison,Poke Ball,Escaped
Poliwag,Common,20,97,Sleep,Poke Ball,Escaped
Arceus,Legendary,39,24,None,Poke Ball,Escaped
Rattata,Common,38,4,Paralyze,Poke Ball,Caught
Lugia,Legendary,56,53,Poison,Great Ball,Escaped
Rattata,Common,34,86,Poison,Ultra Ball,Escaped
Oddish,Common,39,4,None,Great Ball,Escaped
Giratina,Legendary,42,17,Poison,Great Ball,Escaped
Bidoof,Common,27,56,Poison,Poke Ball,Escaped
Palkia,Legendary,1,44,None,Great Ball,Escaped
Larvitar,Rare,59,89,None,Great Ball,Escaped
Sentret,Common,54,51,None,Poke Ball,Escaped
Sentret,Common,96,83,None,Poke Ball,Escaped
Geodude,Common,96,24,None,Poke Ball,Escaped
Lapras,Rare,73,44,None,Great Ball,Escaped
Rayquaza,Legendary,5,28,Poison,Poke Ball,Escaped
Gible,Rare,65,55,None,Poke Ball,Escaped
Groudon,Legendary,78,55,Sleep,Great Ball,Escaped
Poliwag,Common,45,34,Paralyze,Ultra Ball,Caught
Bidoof,Common,48,11,None,Great Ball,Escaped
Caterpie,Common,85,39,Poison,Great Ball,Escaped
Geodude,Common,68,9,None,Ultra Ball,Caught
Oddish,Common,36,82,None,Poke Ball,Escaped
Giratina,Legendary,44,25,None,Great Ball,Escaped
Geodude,Common,92,30,Sleep,Ultra Ball,Caught
Bagon,Rare,17,9,Sleep,Poke Ball,Escaped
Bidoof,Common,94,72,Paralyze,Great Ball,Escaped
Rattata,Common,31,70,None,Poke Ball,Escaped
Weedle,Common,11,73,Paralyze,Poke Ball,Escaped
Geodude,Common,51,9,None,Poke Ball,Escaped
Aerodactyl,Rare,96,40,Sleep,Poke Ball,Escaped
Gyarados,Rare,7,77,Sleep,Great Ball,Escaped
Bidoof,Common,14,71,Paralyze,Poke Ball,Escaped
Bidoof,Common,9,65,Paralyze,Poke Ball,Escaped
Rattata,Common,70,61,Paralyze,Poke Ball,Escaped
Oddish,Common,22,8,None,Ultra Ball,Caught
Beldum,Rare,28,44,Sleep,Great Ball,Caught
Caterpie,Common,32,49,Paralyze,Great Ball,Caught
Sentret,Common,51,42,Sleep,Great Ball,Caught
Geodude,Common,19,68,None,Great Ball,Escaped
Larvitar,Rare,71,53,None,Poke Ball,Escaped
Zapdos,Legendary,73,31,None,Poke Ball,Escaped
Gyarados,Rare,7,17,Poison,Ultra Ball,Caught
Magikarp,Common,35,96,Paralyze,Great Ball,Escaped
Poliwag,Common,26,78,None,Poke Ball,Escaped
Bagon,Rare,63,5,None,Ultra Ball,Caught
Aerodactyl,Rare,24,37,None,Poke Ball,Escaped
Weedle,Common,34,99,Sleep,Poke Ball,Caught
Pidgey,Common,57,58,Poison,Poke Ball,Escaped
Zigzagoon,Common,53,92,None,Ultra Ball,Caught
Sentret,Common,33,9,Sleep,Poke Ball,Caught
Geodude,Common,49,11,None,Great Ball,Escaped
Weedle,Common,72,81,None,Great Ball,Escaped
Zigzagoon,Common,20,30,None,Poke Ball,Escaped
Kyogre,Legendary,1,63,None,Great Ball,Escaped
Zigzagoon,Common,54,45,Paralyze,Ultra Ball,Caught
Arceus,Legendary,38,70,None,Poke Ball,Escaped
Zubat,Common,37,90,Paralyze,Ultra Ball,Caught
Caterpie,Common,7,45,Paralyze,Great Ball,Caught
Caterpie,Common,76,21,None,Great Ball,Escaped
Zigzagoon,Common,9,13,None,Poke Ball,Escaped
Weedle,Common,96,27,None,Poke Ball,Escaped
Aerodactyl,Rare,44,86,None,Great Ball,Escaped
Zubat,Common,97,28,None,Poke Ball,Escaped
Arcanine,Rare,38,86,None,Great Ball,Escaped
Bidoof,Common,1,21,None,Ultra Ball,Caught
Sentret,Common,87,72,None,Ultra Ball,Escaped
Ho-Oh,Legendary,39,45,Paralyze,Great Ball,Escaped
Sentret,Common,45,100,Poison,Ultra Ball,Caught
Bidoof,Common,63,97,Poison,Ultra Ball,Escaped
Bidoof,Common,36,43,Sleep,Great Ball,Caught
Magikarp,Common,63,19,Sleep,Poke Ball,Caught
Giratina,Legendary,47,71,Paralyze,Ultra Ball,Escaped
Caterpie,Common,86,45,None,Poke Ball,Escaped
Arcanine,Rare,94,60,None,Ultra Ball,Escaped
Ho-Oh,Legendary,95,20,None,Great Ball,Escaped
Geodude,Common,49,68,None,Poke Ball,Escaped
Magikarp,Common,98,31,Paralyze,Poke Ball,Escaped
Caterpie,Common,78,33,Sleep,Poke Ball,Escaped
Magikarp,Common,10,59,None,Poke Ball,Escaped
Oddish,Common,94,93,Sleep,Ultra Ball,Escaped
Sentret,Common,13,2,None,Poke Ball,Caught
Sentret,Common,23,51,None,Great Ball,Escaped
Dratini,Rare,14,42,None,Great Ball,Escaped
Zigzagoon,Common,39,6,Poison,Ultra Ball,Caught
Zigzagoon,Common,82,56,Paralyze,Great Ball,Caught
Dratini,Rare,19,87,Poison,Poke Ball,Escaped
Bagon,Rare,12,61,None,Poke Ball,Escaped
Beldum,Rare,53,97,None,Poke Ball,Escaped
Palkia,Legendary,18,14,Sleep,Ultra Ball,Caught
Weedle,Common,42,84,Sleep,Ultra Ball,Caught
Arcanine,Rare,81,76,None,Ultra Ball,Escaped
Caterpie,Common,22,65,None,Poke Ball,Escaped
Chansey,Rare,73,41,Sleep,Great Ball,Escaped
Weedle,Common,14,91,Poison,Great Ball,Escaped
Scyther,Rare,61,61,None,Ultra Ball,Escaped
Caterpie,Common,3,84,Sleep,Great Ball,Caught
Poliwag,Common,70,88,None,Great Ball,Escaped
Zigzagoon,Common,9,38,Paralyze,Poke Ball,Escaped
Zigzagoon,Common,81,73,Sleep,Poke Ball,Escaped
Geodude,Common,19,98,None,Poke Ball,Escaped
Gible,Rare,9,61,None,Poke Ball,Escaped
Weedle,Common,29,79,None,Great Ball,Escaped
Zigzagoon,Common,12,78,Sleep,Ultra Ball,Caught
Poliwag,Common,10,63,None,Poke Ball,Escaped
Caterpie,Common,25,87,None,Great Ball,Escaped
Zubat,Common,65,3,Sleep,Great Ball,Caught
Chansey,Rare,99,56,None,Ultra Ball,Escaped
Zubat,Common,58,46,Paralyze,Great Ball,Caught
Pidgey,Common,22,57,None,Ultra Ball,Escaped
Poliwag,Common,89,40,None,Poke Ball,Escaped
Sentret,Common,46,24,None,Poke Ball,Escaped
Weedle,Common,99,44,Sleep,Ultra Ball,Caught
Poliwag,Common,40,78,Paralyze,Ultra Ball,Caught
Oddish,Common,39,83,None,Ultra Ball,Caught
Caterpie,Common,84,65,Paralyze,Ultra Ball,Caught
Oddish,Common,43,6,None,Great Ball,Escaped
Poliwag,Common,47,31,None,Great Ball,Escaped
Bagon,Rare,79,50,Sleep,Ultra Ball,Escaped
Caterpie,Common,4,32,Sleep,Poke Ball,Caught
Arcanine,Rare,59,89,Sleep,Poke Ball,Escaped
Pidgey,Common,89,14,Paralyze,Ultra Ball,Caught
Magikarp,Common,59,36,None,Great Ball,Escaped
Sentret,Common,82,95,Paralyze,Ultra Ball,Escaped
Weedle,Common,3,69,Sleep,Great Ball,Escaped
Pidgey,Common,4,64,None,Ultra Ball,Caught
Magikarp,Common,51,8,None,Ultra Ball,Caught
Scyther,Rare,95,17,None,Great Ball,Escaped
Bidoof,Common,72,91,None,Ultra Ball,Escaped
Zigzagoon,Common,70,43,Sleep,Poke Ball,Escaped
Bidoof,Common,55,77,None,Poke Ball,Escaped
Geodude,Common,38,3,Poison,Poke Ball,Escaped
Pidgey,Common,17,72,Sleep,Great Ball,Caught
Magikarp,Common,42,89,None,Great Ball,Escaped
Pidgey,Common,59,55,None,Ultra Ball,Escaped
Caterpie,Common,8,76,None,Poke Ball,Escaped
Zigzagoon,Common,23,66,Paralyze,Ultra Ball,Caught
Snorlax,Rare,35,53,None,Ultra Ball,Escaped
Scyther,Rare,34,9,Paralyze,Poke Ball,Escaped
Larvitar,Rare,19,66,None,Great Ball,Escaped
Oddish,Common,18,31,Paralyze,Ultra Ball,Caught
Geodude,Common,39,35,Paralyze,Poke Ball,Caught
Lapras,Rare,86,55,None,Poke Ball,Escaped
Bidoof,Common,93,40,None,Great Ball,Escaped
Rattata,Common,46,41,None,Ultra Ball,Caught
Geodude,Common,52,9,Sleep,Ultra Ball,Caught
Aerodactyl,Rare,45,65,Paralyze,Great Ball,Escaped
Geodude,Common,81,63,None,Great Ball,Escaped
Snorlax,Rare,1,76,None,Ultra Ball,Escaped
Dialga,Legendary,9,57,None,Ultra Ball,Escaped
Geodude,Common,1,69,Sleep,Poke Ball,Escaped
Pidgey,Common,93,92,Sleep,Ultra Ball,Caught
Bagon,Rare,49,55,Poison,Poke Ball,Escaped
Poliwag,Common,3,41,None,Great Ball,Escaped
Sentret,Common,14,16,None,Poke Ball,Caught
Sentret,Common,6,77,None,Poke Ball,Escaped
Mewtwo,Legendary,5,30,None,Ultra Ball,Escaped
Sentret,Common,8,47,Paralyze,Ultra Ball,Caught
Caterpie,Common,54,94,None,Great Ball,Escaped
Rattata,Common,94,86,None,Ultra Ball,Escaped
Zigzagoon,Common,21,93,None,Great Ball,Escaped
Bagon,Rare,58,54,None,Poke Ball,Escaped
Lugia,Legendary,73,99,None,Great Ball,Escaped
Zubat,Common,63,51,Paralyze,Ultra Ball,Caught
Rayquaza,Legendary,92,91,Poison,Ultra Ball,Escaped
Zubat,Common,29,23,None,Great Ball,Escaped
Gyarados,Rare,4,29,None,Great Ball,Escaped
Caterpie,Common,36,77,Sleep,Ultra Ball,Caught
Pidgey,Common,31,20,Paralyze,Great Ball,Caught
Sentret,Common,33,17,None,Poke Ball,Caught
Rayquaza,Legendary,37,48,Sleep,Great Ball,Escaped
Chansey,Rare,54,65,Poison,Ultra Ball,Escaped
Ho-Oh,Legendary,18,73,None,Great Ball,Escaped
Zigzagoon,Common,36,44,None,Great Ball,Caught
Bagon,Rare,2,13,None,Great Ball,Escaped
Weedle,Common,11,26,None,Poke Ball,Escaped
Dratini,Rare,4,22,Sleep,Ultra Ball,Caught
Caterpie,Common,61,55,None,Poke Ball,Escaped
Chansey,Rare,49,53,None,Great Ball,Escaped
Zubat,Common,92,59,Poison,Poke Ball,Escaped
Zubat,Common,84,60,None,Poke Ball,Escaped
Pidgey,Common,38,82,None,Ultra Ball,Escaped
Arcanine,Rare,93,11,None,Great Ball,Escaped
Pidgey,Common,86,71,Poison,Great Ball,Escaped
Weedle,Common,78,10,Paralyze,Poke Ball,Escaped
Magikarp,Common,97,83,Paralyze,Great Ball,Escaped
Zubat,Common,31,48,None,Ultra Ball,Caught
Magikarp,Common,43,64,None,Ultra Ball,Caught
Dialga,Legendary,38,18,None,Great Ball,Escaped
Dratini,Rare,28,91,None,Great Ball,Escaped
Arceus,Legendary,18,28,None,Ultra Ball,Escaped
Larvitar,Rare,83,72,Poison,Poke Ball,Escaped
Oddish,Common,75,98,None,Ultra Ball,Escaped
Caterpie,Common,84,35,Sleep,Ultra Ball,Caught
Gyarados,Rare,77,29,None,Poke Ball,Escaped
Rattata,Common,27,64,None,Great Ball,Escaped
Zubat,Common,49,90,Sleep,Ultra Ball,Caught
Beldum,Rare,8,88,Poison,Great Ball,Escaped
Gible,Rare,21,98,None,Ultra Ball,Escaped
Dratini,Rare,56,44,Paralyze,Ultra Ball,Caught
Poliwag,Common,47,34,Paralyze,Great Ball,Caught
Lugia,Legendary,59,39,None,Poke Ball,Escaped
Zapdos,Legendary,92,80,None,Ultra Ball,Escaped
Oddish,Common,22,15,None,Great Ball,Caught
Sentret,Common,22,52,None,Ultra Ball,Caught
Pidgey,Common,97,88,None,Poke Ball,Escaped
Groudon,Legendary,87,1,Paralyze,Great Ball,Escaped
Bidoof,Common,31,61,None,Great Ball,Escaped
Oddish,Common,76,54,Paralyze,Great Ball,Escaped
Gible,Rare,1,63,None,Poke Ball,Escaped
Bidoof,Common,14,75,Poison,Great Ball,Escaped
Gible,Rare,6,34,Sleep,Great Ball,Caught
Palkia,Legendary,70,78,None,Poke Ball,Escaped
Weedle,Common,37,13,None,Ultra Ball,Caught
Rayquaza,Legendary,44,68,None,Great Ball,Escaped
Caterpie,Common,51,43,None,Poke Ball,Escaped
Poliwag,Common,79,32,Poison,Ultra Ball,Caught
Arcanine,Rare,70,70,Paralyze,Poke Ball,Escaped
Arceus,Legendary,82,37,Paralyze,Poke Ball,Escaped
Poliwag,Common,9,14,Sleep,Great Ball,Caught
Scyther,Rare,22,11,None,Great Ball,Escaped
Magikarp,Common,52,54,None,Great Ball,Escaped
Weedle,Common,50,43,None,Ultra Ball,Caught
Sentret,Common,76,37,Sleep,Great Ball,Escaped
Gyarados,Rare,24,78,None,Poke Ball,Escaped
Weedle,Common,72,19,Sleep,Poke Ball,Escaped
Zapdos,Legendary,69,90,None,Great Ball,Escaped
Palkia,Legendary,29,74,None,Great Ball,Escaped
Poliwag,Common,34,10,None,Great Ball,Caught
Bagon,Rare,55,45,Paralyze,Ultra Ball,Caught
Magikarp,Common,98,7,Paralyze,Great Ball,Caught
Bidoof,Common,75,47,Sleep,Ultra Ball,Caught
Groudon,Legendary,20,97,None,Ultra Ball,Escaped
Gyarados,Rare,7,96,Sleep,Ultra Ball,Caught
Zubat,Common,64,12,None,Poke Ball,Escaped
Chansey,Rare,15,39,Poison,Great Ball,Escaped
Larvitar,Rare,53,47,None,Great Ball,Escaped
Zigzagoon,Common,14,85,Sleep,Ultra Ball,Caught
Zigzagoon,Common,42,21,Paralyze,Great Ball,Caught
Snorlax,Rare,54,45,Paralyze,Poke Ball,Escaped
Magikarp,Common,66,20,Paralyze,Ultra Ball,Caught
Oddish,Common,79,34,None,Great Ball,Escaped
Zigzagoon,Common,72,26,None,Poke Ball,Escaped
Rattata,Common,56,58,Paralyze,Ultra Ball,Caught
Gible,Rare,51,60,None,Ultra Ball,Escaped
Gyarados,Rare,19,41,Poison,Ultra Ball,Caught
Dratini,Rare,78,72,None,Great Ball,Escaped
Gible,Rare,30,74,None,Great Ball,Escaped
Sentret,Common,67,35,Sleep,Great Ball,Escaped
Articuno,Legendary,73,1,None,Ultra Ball,Escaped
Caterpie,Common,57,24,None,Great Ball,Escaped
Rattata,Common,96,55,None,Ultra Ball,Escaped
Pidgey,Common,28,29,None,Ultra Ball,Escaped
Aerodactyl,Rare,54,41,None,Poke Ball,Escaped
Chansey,Rare,92,52,None,Ultra Ball,Escaped
Kyogre,Legendary,52,2,None,Ultra Ball,Escaped
Chansey,Rare,85,40,Poison,Great Ball,Escaped
Pidgey,Common,99,1,Paralyze,Ultra Ball,Caught
Scyther,Rare,87,46,Paralyze,Poke Ball,Escaped
Dratini,Rare,51,38,Poison,Great Ball,Escaped
Rattata,Common,84,28,Sleep,Poke Ball,Escaped
Lugia,Legendary,92,31,Sleep,Poke Ball,Escaped
Caterpie,Common,35,32,Paralyze,Ultra Ball,Caught
Oddish,Common,37,3,None,Great Ball,Caught
Rattata,Common,18,30,None,Great Ball,Escaped
Zigzagoon,Common,60,19,None,Poke Ball,Escaped
Arcanine,Rare,27,82,Sleep,Poke Ball,Escaped
Pidgey,Common,59,93,Paralyze,Ultra Ball,Escaped
Chansey,Rare,83,82,None,Poke Ball,Escaped
Dratini,Rare,66,77,Sleep,Great Ball,Escaped
Poliwag,Common,51,23,None,Ultra Ball,Caught
Poliwag,Common,8,8,None,Great Ball,Caught
Weedle,Common,90,3,None,Great Ball,Escaped
Rattata,Common,61,71,None,Great Ball,Escaped
Bidoof,Common,43,19,Paralyze,Great Ball,Caught
Rattata,Common,81,71,Paralyze,Great Ball,Escaped
Weedle,Common,77,72,Poison,Great Ball,Escaped
Aerodactyl,Rare,28,40,None,Great Ball,Escaped
Gyarados,Rare,68,37,None,Poke Ball,Escaped
Mewtwo,Legendary,97,45,None,Poke Ball,Escaped
Zubat,Common,40,70,Paralyze,Great Ball,Escaped
Arcanine,Rare,14,25,None,Ultra Ball,Caught
Rattata,Common,41,52,Poison,Great Ball,Escaped
Zigzagoon,Common,35,23,Sleep,Poke Ball,Escaped
Bidoof,Common,20,6,Paralyze,Great Ball,Caught
Poliwag,Common,68,51,Paralyze,Ultra Ball,Caught
Giratina,Legendary,54,94,Sleep,Poke Ball,Escaped
Oddish,Common,68,77,Sleep,Ultra Ball,Escaped
Aerodactyl,Rare,96,25,Paralyze,Poke Ball,Escaped
Beldum,Rare,8,59,None,Great Ball,Escaped
Caterpie,Common,77,79,Poison,Poke Ball,Escaped
Oddish,Common,12,88,Paralyze,Ultra Ball,Caught
Rayquaza,Legendary,55,85,None,Poke Ball,Escaped
Gyarados,Rare,85,49,Paralyze,Poke Ball,Escaped
Bidoof,Common,15,40,None,Ultra Ball,Caught
Lapras,Rare,51,56,Poison,Ultra Ball,Escaped
Weedle,Common,69,70,None,Ultra Ball,Escaped
Zigzagoon,Common,84,78,Sleep,Ultra Ball,Caught
Dratini,Rare,14,80,Sleep,Ultra Ball,Escaped
Beldum,Rare,46,82,None,Ultra Ball,Escaped
Gyarados,Rare,53,8,None,Ultra Ball,Caught
Snorlax,Rare,9,85,Paralyze,Great Ball,Escaped
Aerodactyl,Rare,37,87,None,Ultra Ball,Escaped
Magikarp,Common,3,94,None,Ultra Ball,Caught
Giratina,Legendary,4,38,None,Great Ball,Escaped
Magikarp,Common,25,24,Sleep,Poke Ball,Caught
Oddish,Common,39,23,None,Ultra Ball,Caught
Scyther,Rare,17,71,None,Ultra Ball,Escaped
Pidgey,Common,52,65,Paralyze,Poke Ball,Escaped
Articuno,Legendary,25,33,None,Poke Ball,Escaped
Gible,Rare,33,88,None,Ultra Ball,Escaped
Geodude,Common,81,87,Paralyze,Poke Ball,Escaped
Geodude,Common,2,41,Sleep,Great Ball,Caught
Sentret,Common,36,20,Sleep,Great Ball,Caught
Magikarp,Common,70,17,None,Ultra Ball,Caught
Poliwag,Common,91,41,None,Poke Ball,Escaped
Aerodactyl,Rare,31,63,Poison,Poke Ball,Escaped
Larvitar,Rare,61,37,None,Ultra Ball,Escaped
Oddish,Common,48,100,Poison,Ultra Ball,Caught
Dratini,Rare,6,90,None,Ultra Ball,Escaped
Gible,Rare,31,98,None,Ultra Ball,Escaped
Zigzagoon,Common,84,11,None,Poke Ball,Escaped
Dratini,Rare,75,2,None,Ultra Ball,Escaped
Palkia,Legendary,61,100,Paralyze,Poke Ball,Escaped
Lapras,Rare,11,87,None,Ultra Ball,Escaped
Sentret,Common,74,100,None,Ultra Ball,Escaped
Zigzagoon,Common,88,70,Paralyze,Great Ball,Escaped
Rattata,Common,11,17,None,Great Ball,Caught
Mewtwo,Legendary,75,93,None,Ultra Ball,Escaped
Weedle,Common,74,59,Poison,Great Ball,Escaped
Magikarp,Common,24,54,Poison,Great Ball,Escaped
Snorlax,Rare,12,85,Sleep,Ultra Ball,Caught
Larvitar,Rare,88,72,Poison,Great Ball,Escaped
Geodude,Common,14,47,None,Poke Ball,Escaped
Zapdos,Legendary,8,93,None,Ultra Ball,Escaped
Magikarp,Common,61,3,None,Ultra Ball,Caught
Zigzagoon,Common,54,23,Sleep,Great Ball,Caught
Magikarp,Common,58,78,None,Ultra Ball,Escaped
Geodude,Common,82,31,None,Ultra Ball,Escaped
Weedle,Common,83,52,None,Great Ball,Escaped
Larvitar,Rare,49,23,None,Great Ball,Escaped
Caterpie,Common,39,75,Sleep,Poke Ball,Escaped
Magikarp,Common,83,45,Sleep,Poke Ball,Escaped
Scyther,Rare,7,22,None,Ultra Ball,Escaped
Snorlax,Rare,36,62,Sleep,Poke Ball,Escaped
Oddish,Common,18,3,Poison,Poke Ball,Escaped
Dialga,Legendary,92,58,Paralyze,Great Ball,Escaped
Rattata,Common,16,90,Sleep,Poke Ball,Escaped
Beldum,Rare,15,34,Paralyze,Great Ball,Caught
Bidoof,Common,7,86,Paralyze,Ultra Ball,Caught
Scyther,Rare,13,30,Poison,Ultra Ball,Caught
Gyarados,Rare,7,27,None,Great Ball,Escaped
Palkia,Legendary,83,39,None,Ultra Ball,Escaped
Magikarp,Common,18,81,Sleep,Ultra Ball,Caught
Magikarp,Common,94,47,None,Poke Ball,Escaped
Articuno,Legendary,75,97,None,Great Ball,Escaped
Caterpie,Common,12,50,Poison,Ultra Ball,Caught
Snorlax,Rare,77,76,None,Ultra Ball,Escaped
Zigzagoon,Common,53,77,None,Poke Ball,Escaped
Bagon,Rare,60,61,None,Poke Ball,Escaped
Oddish,Common,61,2,None,Ultra Ball,Caught
Poliwag,Common,16,9,Sleep,Poke Ball,Caught
Weedle,Common,43,59,None,Ultra Ball,Escaped
Oddish,Common,2,29,None,Great Ball,Caught
Scyther,Rare,50,16,None,Ultra Ball,Escaped
Arceus,Legendary,36,31,Paralyze,Poke Ball,Escaped
Oddish,Common,57,16,None,Ultra Ball,Caught
Sentret,Common,48,67,Sleep,Great Ball,Escaped
Weedle,Common,3,42,None,Poke Ball,Escaped
Geodude,Common,7,16,None,Ultra Ball,Caught
Aerodactyl,Rare,31,95,Poison,Ultra Ball,Escaped
Oddish,Common,1,25,Poison,Great Ball,Caught
Weedle,Common,70,80,None,Great Ball,Escaped
Magikarp,Common,29,30,Paralyze,Ultra Ball,Caught
Pidgey,Common,62,42,None,Great Ball,Escaped
Poliwag,Common,97,84,None,Great Ball,Escaped
Geodude,Common,16,100,None,Ultra Ball,Caught
Caterpie,Common,78,64,None,Ultra Ball,Escaped
Caterpie,Common,6,74,Paralyze,Ultra Ball,Caught
Sentret,Common,96,70,Paralyze,Ultra Ball,Escaped
Pidgey,Common,61,83,None,Great Ball,Escaped
Bagon,Rare,52,88,Sleep,Ultra Ball,Escaped
Larvitar,Rare,90,86,None,Ultra Ball,Escaped
Chansey,Rare,73,11,Paralyze,Ultra Ball,Caught
Rattata,Common,2,38,Paralyze,Ultra Ball,Caught
Lapras,Rare,16,59,None,Great Ball,Escaped
Geodude,Common,93,77,None,Great Ball,Escaped
Dialga,Legendary,12,24,Paralyze,Poke Ball,Escaped
Weedle,Common,26,59,Sleep,Poke Ball,Escaped
Magikarp,Common,27,65,None,Great Ball,Escaped
Gible,Rare,7,97,None,Great Ball,Escaped
Gible,Rare,46,11,None,Ultra Ball,Escaped
Rayquaza,Legendary,73,11,Sleep,Great Ball,Escaped
Gyarados,Rare,39,53,None,Great Ball,Escaped
Weedle,Common,70,21,Sleep,Poke Ball,Caught
Lapras,Rare,99,89,None,Great Ball,Escaped
Rattata,Common,70,48,Sleep,Poke Ball,Escaped
Arcanine,Rare,23,11,Poison,Poke Ball,Caught
Pidgey,Common,54,28,None,Ultra Ball,Escaped
Scyther,Rare,7,99,Sleep,Great Ball,Escaped
Dialga,Legendary,84,36,Paralyze,Ultra Ball,Escaped
Dratini,Rare,23,61,None,Great Ball,Escaped
Magikarp,Common,9,11,Paralyze,Great Ball,Caught
Lapras,Rare,66,12,Poison,Great Ball,Escaped
Poliwag,Common,1,45,None,Great Ball,Caught
Beldum,Rare,72,78,Sleep,Ultra Ball,Escaped
Magikarp,Common,40,83,None,Ultra Ball,Escaped
Pidgey,Common,48,76,None,Poke Ball,Escaped
Larvitar,Rare,62,62,None,Poke Ball,Escaped
Poliwag,Common,25,30,None,Ultra Ball,Escaped
Bidoof,Common,46,35,None,Poke Ball,Escaped
Chansey,Rare,100,19,Paralyze,Poke Ball,Escaped
Arceus,Legendary,89,49,Paralyze,Great Ball,Escaped
Bagon,Rare,22,49,Paralyze,Poke Ball,Escaped
Beldum,Rare,2,57,None,Great Ball,Escaped
Caterpie,Common,100,56,None,Ultra Ball,Escaped
Rattata,Common,4,70,Paralyze,Ultra Ball,Caught
Lugia,Legendary,33,83,None,Great Ball,Escaped
Sentret,Common,34,1,Sleep,Great Ball,Caught
Arcanine,Rare,26,52,Paralyze,Ultra Ball,Escaped
Caterpie,Common,33,38,Sleep,Poke Ball,Escaped
Sentret,Common,21,9,Paralyze,Poke Ball,Caught
Aerodactyl,Rare,62,50,Sleep,Ultra Ball,Caught
Magikarp,Common,25,31,None,Great Ball,Caught
Sentret,Common,39,91,Sleep,Great Ball,Caught
Zigzagoon,Common,55,40,Paralyze,Poke Ball,Caught
Magikarp,Common,21,79,None,Great Ball,Escaped
Arceus,Legendary,11,51,Sleep,Poke Ball,Escaped
Geodude,Common,29,35,None,Poke Ball,Escaped
Sentret,Common,23,75,Sleep,Great Ball,Escaped
Sentret,Common,12,98,Paralyze,Poke Ball,Escaped
Oddish,Common,3,28,None,Ultra Ball,Caught
Snorlax,Rare,3,60,Paralyze,Great Ball,Escaped
Palkia,Legendary,37,77,Sleep,Great Ball,Escaped
Oddish,Common,85,64,Paralyze,Ultra Ball,Caught
Caterpie,Common,74,85,None,Poke Ball,Escaped
Bagon,Rare,94,81,Sleep,Great Ball,Escaped
Zigzagoon,Common,63,44,None,Poke Ball,Escaped
Caterpie,Common,54,60,Sleep,Great Ball,Escaped
Kyogre,Legendary,72,97,None,Poke Ball,Escaped
Rattata,Common,56,58,None,Poke Ball,Escaped
Weedle,Common,14,49,Sleep,Poke Ball,Caught
Zubat,Common,76,74,None,Poke Ball,Escaped
Sentret,Common,97,76,Paralyze,Ultra Ball,Escaped
Geodude,Common,87,19,None,Poke Ball,Escaped
Magikarp,Common,65,6,None,Great Ball,Escaped
Poliwag,Common,69,14,Paralyze,Ultra Ball,Caught
Weedle,Common,11,26,None,Poke Ball,Caught
Caterpie,Common,60,86,Poison,Great Ball,Escaped
Geodude,Common,54,35,None,Poke Ball,Escaped
Geodude,Common,1,4,None,Great Ball,Caught
Oddish,Common,5,63,Poison,Great Ball,Escaped
Poliwag,Common,51,85,Sleep,Great Ball,Escaped
Rattata,Common,42,23,None,Great Ball,Escaped
Articuno,Legendary,17,57,None,Great Ball,Escaped
Geodude,Common,93,15,Paralyze,Great Ball,Caught
Magikarp,Common,24,66,None,Great Ball,Escaped
Geodude,Common,57,75,Paralyze,Poke Ball,Escaped
Caterpie,Common,36,98,Poison,Poke Ball,Escaped
Caterpie,Common,47,7,Paralyze,Great Ball,Caught
Magikarp,Common,81,45,None,Poke Ball,Escaped
Caterpie,Common,44,91,None,Great Ball,Escaped
Zigzagoon,Common,82,34,Sleep,Ultra Ball,Caught
Magikarp,Common,59,55,None,Poke Ball,Escaped
Snorlax,Rare,71,87,Paralyze,Poke Ball,Escaped
Beldum,Rare,32,73,None,Poke Ball,Escaped
Zigzagoon,Common,4,47,Sleep,Ultra Ball,Caught
Lugia,Legendary,91,51,None,Ultra Ball,Escaped
Oddish,Common,36,53,None,Great Ball,Escaped
Gible,Rare,52,66,Poison,Ultra Ball,Escaped
Bidoof,Common,30,60,Paralyze,Poke Ball,Escaped
Bidoof,Common,76,20,None,Ultra Ball,Caught
Magikarp,Common,24,6,None,Poke Ball,Caught
Bidoof,Common,60,33,None,Great Ball,Escaped
Dratini,Rare,44,29,None,Poke Ball,Escaped
Caterpie,Common,86,80,None,Great Ball,Escaped
Dratini,Rare,50,69,None,Great Ball,Escaped
Gyarados,Rare,26,2,None,Ultra Ball,Caught
Pidgey,Common,55,21,Paralyze,Ultra Ball,Caught
Pidgey,Common,100,67,None,Great Ball,Escaped
Ho-Oh,Legendary,35,75,Sleep,Ultra Ball,Escaped
Ho-Oh,Legendary,17,15,None,Ultra Ball,Escaped
Zigzagoon,Common,55,100,None,Great Ball,Escaped
Poliwag,Common,74,35,Poison,Poke Ball,Escaped
Caterpie,Common,96,13,None,Ultra Ball,Caught
Beldum,Rare,92,21,Sleep,Ultra Ball,Caught
Zubat,Common,87,18,Poison,Great Ball,Escaped
Bidoof,Common,59,25,None,Ultra Ball,Escaped
Bidoof,Common,87,7,None,Poke Ball,Escaped
Poliwag,Common,79,33,Poison,Great Ball,Escaped
Arceus,Legendary,75,16,Poison,Ultra Ball,Escaped
Mewtwo,Legendary,9,24,None,Great Ball,Escaped
Dialga,Legendary,47,91,None,Poke Ball,Escaped
Magikarp,Common,44,26,Poison,Ultra Ball,Caught
Oddish,Common,3,50,None,Great Ball,Escaped
Caterpie,Common,54,63,Paralyze,Ultra Ball,Caught
Sentret,Common,17,60,Paralyze,Poke Ball,Escaped
Oddish,Common,9,69,Poison,Ultra Ball,Caught
Sentret,Common,47,16,Paralyze,Great Ball,Caught
Caterpie,Common,28,89,Sleep,Great Ball,Caught
Rattata,Common,43,44,None,Ultra Ball,Escaped
Weedle,Common,87,32,Sleep,Ultra Ball,Caught
Beldum,Rare,33,62,None,Ultra Ball,Escaped
Geodude,Common,55,77,Sleep,Poke Ball,Escaped
Zigzagoon,Common,49,42,Paralyze,Poke Ball,Escaped
Dialga,Legendary,6,29,Sleep,Great Ball,Escaped
Snorlax,Rare,51,77,Sleep,Ultra Ball,Escaped
Poliwag,Common,82,67,Sleep,Ultra Ball,Escaped
Mewtwo,Legendary,64,73,None,Ultra Ball,Escaped
Scyther,Rare,61,21,None,Great Ball,Escaped
Caterpie,Common,25,49,Paralyze,Great Ball,Caught
Zigzagoon,Common,25,98,None,Ultra Ball,Escaped
Sentret,Common,36,7,Paralyze,Great Ball,Caught
Rattata,Common,78,5,Paralyze,Poke Ball,Caught
Chansey,Rare,76,37,Paralyze,Ultra Ball,Escaped
Snorlax,Rare,69,18,Sleep,Great Ball,Caught
Geodude,Common,47,25,Sleep,Poke Ball,Caught
Rattata,Common,22,56,None,Great Ball,Escaped
Sentret,Common,90,85,None,Poke Ball,Escaped
Lapras,Rare,62,11,None,Poke Ball,Escaped
Arcanine,Rare,36,57,None,Great Ball,Escaped
Chansey,Rare,56,21,None,Great Ball,Escaped
Pidgey,Common,10,86,Sleep,Great Ball,Caught
Pidgey,Common,58,65,Paralyze,Poke Ball,Escaped
Larvitar,Rare,97,27,Paralyze,Ultra Ball,Escaped
Pidgey,Common,52,57,None,Great Ball,Escaped
Larvitar,Rare,62,35,Sleep,Great Ball,Escaped
Lapras,Rare,11,89,None,Great Ball,Escaped
Rattata,Common,56,59,Sleep,Poke Ball,Escaped
Groudon,Legendary,11,16,Poison,Great Ball,Escaped
Caterpie,Common,80,39,Paralyze,Great Ball,Escaped
Weedle,Common,70,57,Sleep,Poke Ball,Escaped
Pidgey,Common,94,35,None,Great Ball,Escaped
Zubat,Common,16,40,Sleep,Great Ball,Caught
Pidgey,Common,1,90,None,Great Ball,Escaped
Rattata,Common,11,74,None,Great Ball,Escaped
Weedle,Common,21,27,None,Great Ball,Escaped
Zubat,Common,20,65,Poison,Ultra Ball,Caught
Dratini,Rare,42,21,Sleep,Ultra Ball,Escaped
Zubat,Common,88,31,Paralyze,Poke Ball,Escaped
Oddish,Common,70,4,Sleep,Poke Ball,Caught
Caterpie,Common,11,15,Poison,Poke Ball,Caught
Lapras,Rare,78,25,None,Ultra Ball,Escaped
Snorlax,Rare,76,32,Poison,Poke Ball,Escaped
Giratina,Legendary,71,28,None,Ultra Ball,Escaped
Beldum,Rare,15,48,Poison,Great Ball,Escaped
Bidoof,Common,42,51,Sleep,Poke Ball,Escaped
Gyarados,Rare,19,27,Sleep,Ultra Ball,Caught
Scyther,Rare,19,23,Poison,Great Ball,Escaped
Gyarados,Rare,53,5,Paralyze,Poke Ball,Caught
Gible,Rare,13,77,Sleep,Ultra Ball,Caught
Weedle,Common,93,32,None,Great Ball,Escaped
Pidgey,Common,66,92,None,Poke Ball,Escaped
Dratini,Rare,15,67,Paralyze,Great Ball,Escaped
Magikarp,Common,54,85,None,Ultra Ball,Escaped
Scyther,Rare,65,86,None,Great Ball,Escaped
Bidoof,Common,13,46,None,Poke Ball,Escaped
Bagon,Rare,53,75,Sleep,Poke Ball,Escaped
Magikarp,Common,30,70,None,Ultra Ball,Escaped
Zapdos,Legendary,83,34,Sleep,Ultra Ball,Escaped
Zubat,Common,28,30,Sleep,Great Ball,Caught
Chansey,Rare,73,37,Paralyze,Ultra Ball,Escaped
Magikarp,Common,92,75,None,Poke Ball,Escaped
Zubat,Common,20,54,None,Great Ball,Escaped
Lapras,Rare,16,83,None,Great Ball,Escaped
Pidgey,Common,26,15,None,Ultra Ball,Caught
Mewtwo,Legendary,21,29,Sleep,Poke Ball,Escaped
Geodude,Common,57,43,Sleep,Ultra Ball,Caught
Geodude,Common,18,96,None,Ultra Ball,Escaped
Zigzagoon,Common,62,42,None,Poke Ball,Escaped
Oddish,Common,65,34,Sleep,Great Ball,Escaped
Zigzagoon,Common,71,27,None,Ultra Ball,Escaped
Oddish,Common,26,76,Poison,Poke Ball,Escaped
Giratina,Legendary,10,47,None,Poke Ball,Escaped
Oddish,Common,79,68,Paralyze,Ultra Ball,Caught
Mewtwo,Legendary,69,70,Paralyze,Ultra Ball,Escaped
Poliwag,Common,78,79,None,Great Ball,Escaped
Lapras,Rare,2,25,Paralyze,Great Ball,Caught
Caterpie,Common,26,46,None,Great Ball,Escaped
Pidgey,Common,30,16,Paralyze,Ultra Ball,Caught
Dratini,Rare,59,90,Sleep,Ultra Ball,Caught
Zigzagoon,Common,99,15,None,Poke Ball,Escaped
Poliwag,Common,86,67,None,Poke Ball,Escaped
Zubat,Common,33,12,Paralyze,Ultra Ball,Caught
Ho-Oh,Legendary,95,57,None,Ultra Ball,Escaped
Caterpie,Common,62,43,Paralyze,Poke Ball,Caught
Pidgey,Common,60,81,None,Ultra Ball,Caught
Oddish,Common,87,67,None,Great Ball,Escaped
Bidoof,Common,18,55,Paralyze,Great Ball,Caught
Bidoof,Common,36,64,Sleep,Poke Ball,Escaped
Bidoof,Common,46,62,None,Poke Ball,Escaped
Scyther,Rare,28,4,Paralyze,Great Ball,Caught
Zubat,Common,17,60,Paralyze,Great Ball,Caught
Weedle,Common,40,91,None,Ultra Ball,Caught
Snorlax,Rare,88,3,Paralyze,Great Ball,Caught
Zubat,Common,2,80,Sleep,Ultra Ball,Caught
Poliwag,Common,90,54,Sleep,Great Ball,Escaped
Caterpie,Common,25,10,None,Ultra Ball,Caught
Sentret,Common,38,58,Poison,Ultra Ball,Caught
Chansey,Rare,98,11,None,Great Ball,Escaped
Weedle,Common,71,36,Poison,Great Ball,Escaped
Gyarados,Rare,20,70,None,Poke Ball,Escaped
Geodude,Common,36,84,None,Poke Ball,Escaped
Sentret,Common,19,2,None,Great Ball,Caught
Oddish,Common,9,77,Poison,Poke Ball,Escaped
Pidgey,Common,69,36,None,Poke Ball,Escaped
Chansey,Rare,48,99,None,Great Ball,Escaped
Beldum,Rare,7,96,None,Ultra Ball,Escaped
Caterpie,Common,21,21,None,Great Ball,Escaped
Aerodactyl,Rare,70,83,None,Great Ball,Escaped
Caterpie,Common,67,78,Poison,Ultra Ball,Escaped
Lapras,Rare,29,90,Paralyze,Ultra Ball,Caught
Zubat,Common,17,42,None,Great Ball,Escaped
Caterpie,Common,30,89,Sleep,Poke Ball,Escaped
Magikarp,Common,24,66,None,Poke Ball,Escaped
Caterpie,Common,53,92,None,Great Ball,Escaped
Ho-Oh,Legendary,87,60,None,Ultra Ball,Escaped
Arcanine,Rare,57,3,None,Poke Ball,Escaped
Zigzagoon,Common,57,66,Poison,Great Ball,Escaped
Weedle,Common,21,54,None,Poke Ball,Escaped
Zubat,Common,23,66,Paralyze,Great Ball,Escaped
Arceus,Legendary,78,76,None,Ultra Ball,Escaped
Bagon,Rare,10,77,Poison,Poke Ball,Escaped
Gyarados,Rare,39,27,Paralyze,Great Ball,Escaped
Bagon,Rare,35,90,Poison,Great Ball,Escaped
Rattata,Common,55,9,Sleep,Ultra Ball,Caught
Gyarados,Rare,97,5,Poison,Ultra Ball,Escaped
Snorlax,Rare,71,98,Sleep,Ultra Ball,Escaped
Geodude,Common,35,82,Paralyze,Poke Ball,Caught
Rattata,Common,68,77,Poison,Great Ball,Escaped
Dialga,Legendary,68,40,None,Poke Ball,Escaped
Dialga,Legendary,84,54,Paralyze,Poke Ball,Escaped
Snorlax,Rare,23,35,Sleep,Poke Ball,Escaped
Poliwag,Common,3,73,None,Great Ball,Escaped
Gible,Rare,48,70,None,Poke Ball,Escaped
Gyarados,Rare,22,48,Poison,Poke Ball,Escaped
Poliwag,Common,53,46,Paralyze,Poke Ball,Caught
Bidoof,Common,69,62,Poison,Ultra Ball,Escaped
Zigzagoon,Common,4,29,None,Great Ball,Escaped
Rattata,Common,36,71,None,Poke Ball,Escaped
Larvitar,Rare,93,40,Paralyze,Ultra Ball,Escaped
Zubat,Common,89,52,Paralyze,Great Ball,Escaped
Chansey,Rare,15,28,None,Great Ball,Escaped
Gyarados,Rare,90,9,Poison,Great Ball,Escaped
Rattata,Common,3,53,None,Poke Ball,Escaped
Arcanine,Rare,19,99,Paralyze,Ultra Ball,Escaped
Dratini,Rare,81,2,None,Ultra Ball,Caught
Sentret,Common,32,57,Poison,Great Ball,Escaped
Beldum,Rare,37,54,None,Ultra Ball,Escaped
Lapras,Rare,2,68,Paralyze,Poke Ball,Escaped
Arcanine,Rare,93,93,Sleep,Poke Ball,Escaped
Zubat,Common,24,80,Poison,Great Ball,Escaped
Bagon,Rare,51,33,Poison,Ultra Ball,Escaped
Zubat,Common,11,42,Poison,Great Ball,Escaped
Rattata,Common,88,17,None,Ultra Ball,Caught
Dratini,Rare,11,77,None,Great Ball,Escaped
Rattata,Common,7,49,None,Poke Ball,Escaped
Dratini,Rare,93,28,None,Great Ball,Escaped
Caterpie,Common,24,2,Poison,Poke Ball,Caught
Gyarados,Rare,69,73,None,Great Ball,Escaped
Rattata,Common,47,87,None,Great Ball,Escaped
Zubat,Common,17,43,Poison,Ultra Ball,Caught
Bidoof,Common,16,50,None,Poke Ball,Escaped
Pidgey,Common,65,93,Paralyze,Poke Ball,Escaped
Bagon,Rare,89,52,None,Great Ball,Escaped
Zapdos,Legendary,44,23,None,Ultra Ball,Escaped
Magikarp,Common,31,98,None,Poke Ball,Escaped
Beldum,Rare,50,79,Poison,Great Ball,Escaped
Zigzagoon,Common,95,43,Paralyze,Poke Ball,Escaped
Dialga,Legendary,19,52,None,Ultra Ball,Escaped
Oddish,Common,39,64,None,Ultra Ball,Escaped
Rattata,Common,55,68,Paralyze,Ultra Ball,Caught
Arcanine,Rare,33,87,Paralyze,Poke Ball,Escaped
Sentret,Common,12,14,None,Great Ball,Escaped
Larvitar,Rare,16,80,None,Ultra Ball,Escaped
Zubat,Common,34,83,None,Poke Ball,Escaped
Snorlax,Rare,47,61,None,Poke Ball,Escaped
Bagon,Rare,50,55,Sleep,Ultra Ball,Caught
Weedle,Common,83,51,Sleep,Great Ball,Escaped
Rattata,Common,9,56,Paralyze,Poke Ball,Caught
Oddish,Common,100,57,None,Poke Ball,Escaped
Weedle,Common,83,35,None,Great Ball,Escaped
Arcanine,Rare,22,96,Sleep,Great Ball,Escaped
Magikarp,Common,75,47,Sleep,Ultra Ball,Caught
Palkia,Legendary,25,58,None,Great Ball,Escaped
Pidgey,Common,79,43,None,Great Ball,Escaped
Poliwag,Common,17,79,None,Ultra Ball,Escaped
Caterpie,Common,77,56,Paralyze,Great Ball,Escaped
Geodude,Common,74,93,Sleep,Ultra Ball,Escaped
Gible,Rare,1,99,Sleep,Poke Ball,Escaped
Gyarados,Rare,41,6,Sleep,Poke Ball,Escaped
Geodude,Common,71,70,None,Ultra Ball,Escaped
Oddish,Common,80,44,Poison,Great Ball,Escaped
Geodude,Common,26,9,Sleep,Ultra Ball,Caught
Rattata,Common,65,36,None,Ultra Ball,Escaped
Pidgey,Common,43,92,None,Ultra Ball,Escaped
Rayquaza,Legendary,48,54,Paralyze,Poke Ball,Escaped
Mewtwo,Legendary,93,18,Paralyze,Ultra Ball,Escaped
Oddish,Common,74,64,None,Ultra Ball,Escaped
Gible,Rare,4,36,None,Ultra Ball,Caught
Scyther,Rare,99,90,Paralyze,Poke Ball,Escaped
Palkia,Legendary,28,13,None,Great Ball,Escaped
Pidgey,Common,93,72,None,Ultra Ball,Escaped
Bidoof,Common,65,34,None,Great Ball,Escaped
Chansey,Rare,57,92,Sleep,Great Ball,Escaped
Rayquaza,Legendary,78,30,Sleep,Great Ball,Escaped
Poliwag,Common,88,40,Paralyze,Ultra Ball,Caught
Geodude,Common,85,48,None,Poke Ball,Escaped
Gyarados,Rare,71,37,Sleep,Great Ball,Escaped
Rattata,Common,89,49,None,Great Ball,Escaped
Snorlax,Rare,22,53,None,Ultra Ball,Escaped
Zapdos,Legendary,62,9,Sleep,Poke Ball,Escaped
Sentret,Common,79,90,Sleep,Ultra Ball,Escaped
Zubat,Common,47,27,None,Poke Ball,Escaped
Gible,Rare,88,24,None,Great Ball,Escaped
Weedle,Common,38,79,Paralyze,Great Ball,Escaped
Gible,Rare,77,85,Poison,Poke Ball,Escaped
Zubat,Common,40,96,None,Great Ball,Escaped
Zigzagoon,Common,25,33,None,Poke Ball,Escaped
Sentret,Common,45,12,None,Great Ball,Escaped
Chansey,Rare,67,62,None,Ultra Ball,Escaped
Aerodactyl,Rare,78,76,Paralyze,Ultra Ball,Escaped
Magikarp,Common,62,12,Sleep,Great Ball,Caught
Geodude,Common,96,29,Paralyze,Ultra Ball,Caught
Poliwag,Common,13,8,None,Ultra Ball,Caught
Oddish,Common,79,49,None,Great Ball,Escaped
Lapras,Rare,99,78,Sleep,Great Ball,Escaped
Geodude,Common,37,41,None,Ultra Ball,Caught
Poliwag,Common,47,41,None,Poke Ball,Escaped
Caterpie,Common,32,93,None,Poke Ball,Escaped
Snorlax,Rare,76,20,Paralyze,Ultra Ball,Caught
Magikarp,Common,14,61,Paralyze,Great Ball,Caught
Geodude,Common,76,83,None,Ultra Ball,Escaped
Dialga,Legendary,40,9,Sleep,Poke Ball,Escaped
Caterpie,Common,62,17,Poison,Great Ball,Caught
Bagon,Rare,20,45,Sleep,Poke Ball,Escaped
Sentret,Common,88,36,Paralyze,Poke Ball,Escaped
Zubat,Common,70,14,None,Poke Ball,Escaped
Poliwag,Common,92,40,Poison,Great Ball,Escaped
Magikarp,Common,6,77,None,Great Ball,Escaped
Larvitar,Rare,46,13,Paralyze,Poke Ball,Escaped
Geodude,Common,45,49,None,Great Ball,Escaped
Magikarp,Common,20,4,Paralyze,Ultra Ball,Caught
Poliwag,Common,99,50,Poison,Poke Ball,Escaped
Sentret,Common,14,36,None,Poke Ball,Escaped
Lapras,Rare,60,65,Paralyze,Great Ball,Escaped
Snorlax,Rare,19,35,Sleep,Poke Ball,Escaped
Magikarp,Common,14,35,Paralyze,Great Ball,Caught
Oddish,Common,91,71,None,Poke Ball,Escaped
Mewtwo,Legendary,35,22,Poison,Ultra Ball,Escaped
Arcanine,Rare,80,34,None,Great Ball,Escaped
Magikarp,Common,75,37,None,Great Ball,Escaped
Dratini,Rare,3,19,None,Great Ball,Escaped
Rayquaza,Legendary,40,11,Sleep,Ultra Ball,Escaped
Beldum,Rare,62,6,Paralyze,Ultra Ball,Caught
Weedle,Common,87,32,Sleep,Ultra Ball,Caught
Weedle,Common,37,24,Sleep,Ultra Ball,Caught
Zigzagoon,Common,29,72,Poison,Poke Ball,Escaped
Zigzagoon,Common,35,7,Sleep,Great Ball,Caught
Groudon,Legendary,70,27,Paralyze,Great Ball,Escaped
Sentret,Common,12,10,Paralyze,Ultra Ball,Caught
Snorlax,Rare,100,56,Sleep,Great Ball,Escaped
Rattata,Common,69,53,Poison,Ultra Ball,Escaped
Sentret,Common,15,67,Paralyze,Ultra Ball,Caught
Poliwag,Common,2,100,Sleep,Ultra Ball,Caught
Rattata,Common,69,27,Sleep,Ultra Ball,Caught
Weedle,Common,34,40,Sleep,Poke Ball,Caught
Sentret,Common,36,2,None,Poke Ball,Caught
Sentret,Common,58,32,Paralyze,Ultra Ball,Caught
Zigzagoon,Common,18,18,Paralyze,Ultra Ball,Caught
Bidoof,Common,95,8,None,Ultra Ball,Caught
Magikarp,Common,67,40,Sleep,Poke Ball,Escaped
Magikarp,Common,67,22,None,Poke Ball,Escaped
Pidgey,Common,89,97,Sleep,Poke Ball,Escaped
Lugia,Legendary,44,84,Sleep,Great Ball,Escaped
Poliwag,Common,37,100,Paralyze,Ultra Ball,Caught
Oddish,Common,9,64,None,Ultra Ball,Escaped
Zigzagoon,Common,72,52,None,Great Ball,Escaped
Beldum,Rare,14,56,Sleep,Ultra Ball,Caught
Sentret,Common,78,76,Poison,Poke Ball,Escaped
Geodude,Common,36,48,None,Great Ball,Escaped
Gyarados,Rare,83,33,None,Ultra Ball,Escaped
Sentret,Common,52,68,None,Ultra Ball,Escaped
Gyarados,Rare,54,74,None,Great Ball,Escaped
Gyarados,Rare,5,81,Poison,Great Ball,Escaped
Poliwag,Common,78,42,Sleep,Ultra Ball,Caught
Lapras,Rare,100,75,None,Great Ball,Escaped
Caterpie,Common,47,40,Poison,Great Ball,Escaped
Pidgey,Common,14,20,None,Great Ball,Caught
Poliwag,Common,13,12,Poison,Ultra Ball,Caught
Bagon,Rare,86,48,Sleep,Poke Ball,Escaped
Bagon,Rare,23,23,Paralyze,Great Ball,Caught
Larvitar,Rare,55,18,None,Great Ball,Escaped
Magikarp,Common,72,36,Poison,Ultra Ball,Escaped
Palkia,Legendary,13,13,None,Poke Ball,Escaped
Mewtwo,Legendary,26,13,Sleep,Great Ball,Escaped
Zigzagoon,Common,23,11,None,Ultra Ball,Caught
Beldum,Rare,65,54,None,Ultra Ball,Escaped
Rayquaza,Legendary,73,83,Sleep,Poke Ball,Escaped
Bagon,Rare,77,37,Poison,Great Ball,Escaped
Lugia,Legendary,86,14,None,Poke Ball,Escaped
Zigzagoon,Common,2,85,None,Great Ball,Escaped
Poliwag,Common,12,14,Poison,Poke Ball,Caught
Oddish,Common,23,72,Sleep,Great Ball,Caught
Magikarp,Common,38,30,None,Ultra Ball,Caught
Palkia,Legendary,63,28,None,Poke Ball,Escaped
Pidgey,Common,48,12,None,Great Ball,Escaped
Sentret,Common,62,37,Poison,Great Ball,Escaped
Geodude,Common,9,20,None,Poke Ball,Caught
Arcanine,Rare,27,1,Paralyze,Ultra Ball,Caught
Beldum,Rare,65,13,None,Great Ball,Escaped
Pidgey,Common,19,23,None,Ultra Ball,Caught
Bidoof,Common,6,78,None,Ultra Ball,Escaped
Dratini,Rare,21,92,None,Great Ball,Escaped
Scyther,Rare,100,61,None,Great Ball,Escaped
Zigzagoon,Common,15,70,None,Poke Ball,Escaped
Gible,Rare,55,38,Poison,Ultra Ball,Caught
Caterpie,Common,40,47,Paralyze,Ultra Ball,Caught
Mewtwo,Legendary,61,91,None,Ultra Ball,Escaped
Magikarp,Common,26,61,None,Poke Ball,Escaped
Caterpie,Common,53,48,None,Ultra Ball,Escaped
Rayquaza,Legendary,77,91,None,Poke Ball,Escaped
Poliwag,Common,54,6,Paralyze,Ultra Ball,Caught
Pidgey,Common,9,65,None,Ultra Ball,Caught
Zubat,Common,51,48,None,Great Ball,Escaped
Larvitar,Rare,12,64,Paralyze,Great Ball,Escaped
Lapras,Rare,35,9,None,Great Ball,Escaped
Gible,Rare,58,62,None,Great Ball,Escaped
Poliwag,Common,2,63,Sleep,Ultra Ball,Caught
Magikarp,Common,5,64,Paralyze,Great Ball,Caught
Geodude,Common,15,94,None,Poke Ball,Escaped
Chansey,Rare,17,83,None,Poke Ball,Escaped
Sentret,Common,72,47,None,Ultra Ball,Escaped
Poliwag,Common,74,91,Paralyze,Ultra Ball,Caught
Zigzagoon,Common,56,10,None,Poke Ball,Caught
Bagon,Rare,72,60,Poison,Poke Ball,Escaped
Sentret,Common,59,67,Sleep,Ultra Ball,Caught
Pidgey,Common,58,17,None,Poke Ball,Caught
Arcanine,Rare,14,54,None,Poke Ball,Escaped
Snorlax,Rare,56,12,None,Ultra Ball,Escaped
Magikarp,Common,54,88,Sleep,Ultra Ball,Caught
Geodude,Common,10,78,None,Ultra Ball,Caught
Arcanine,Rare,27,16,None,Poke Ball,Escaped
Pidgey,Common,68,70,None,Ultra Ball,Escaped
Rattata,Common,29,80,Poison,Great Ball,Escaped
Rattata,Common,66,63,Paralyze,Poke Ball,Escaped
Bidoof,Common,65,76,None,Ultra Ball,Escaped
Larvitar,Rare,32,1,Paralyze,Poke Ball,Escaped
Rattata,Common,81,38,None,Poke Ball,Escaped
Pidgey,Common,48,14,None,Poke Ball,Escaped
Groudon,Legendary,50,21,None,Ultra Ball,Escaped
Giratina,Legendary,42,64,None,Great Ball,Escaped
Scyther,Rare,39,93,None,Great Ball,Escaped
Geodude,Common,52,35,Paralyze,Ultra Ball,Caught
Gyarados,Rare,100,84,Sleep,Ultra Ball,Escaped
Lugia,Legendary,16,11,None,Ultra Ball,Escaped
Aerodactyl,Rare,75,54,Paralyze,Poke Ball,Escaped
Arcanine,Rare,99,72,Paralyze,Great Ball,Escaped
Sentret,Common,82,61,Sleep,Poke Ball,Escaped
Poliwag,Common,15,50,Sleep,Ultra Ball,Caught
Gible,Rare,50,39,None,Poke Ball,Escaped
Sentret,Common,86,19,Paralyze,Ultra Ball,Caught
Magikarp,Common,25,35,Paralyze,Great Ball,Caught
Pidgey,Common,51,11,Paralyze,Poke Ball,Caught
Geodude,Common,94,22,None,Great Ball,Escaped
Ho-Oh,Legendary,95,56,None,Poke Ball,Escaped
Weedle,Common,53,44,Paralyze,Great Ball,Caught
Bidoof,Common,24,48,None,Great Ball,Escaped
Scyther,Rare,97,54,None,Ultra Ball,Escaped
Poliwag,Common,17,90,Poison,Poke Ball,Escaped
Geodude,Common,54,83,None,Poke Ball,Escaped
Poliwag,Common,6,10,None,Great Ball,Caught
Sentret,Common,8,86,None,Ultra Ball,Caught
Bidoof,Common,54,72,None,Great Ball,Escaped
Lapras,Rare,18,60,Sleep,Poke Ball,Escaped
Rattata,Common,86,67,None,Poke Ball,Escaped
Oddish,Common,7,98,Paralyze,Ultra Ball,Caught
Rattata,Common,72,56,None,Poke Ball,Escaped
Zapdos,Legendary,23,39,None,Great Ball,Escaped
Zigzagoon,Common,12,92,Sleep,Great Ball,Escaped
Geodude,Common,80,18,None,Poke Ball,Escaped
Oddish,Common,10,10,None,Great Ball,Caught
Dratini,Rare,62,72,Paralyze,Great Ball,Escaped
Oddish,Common,2,58,None,Poke Ball,Escaped
Rattata,Common,65,81,None,Poke Ball,Escaped
Zubat,Common,81,71,None,Poke Ball,Escaped
Magikarp,Common,14,73,Sleep,Ultra Ball,Caught
Oddish,Common,3,8,Paralyze,Poke Ball,Caught
Magikarp,Common,5,51,Paralyze,Ultra Ball,Caught
Groudon,Legendary,4,90,Poison,Great Ball,Escaped
Poliwag,Common,27,75,None,Poke Ball,Escaped
Gyarados,Rare,24,99,None,Great Ball,Escaped
Caterpie,Common,48,14,Paralyze,Poke Ball,Caught
Rattata,Common,24,88,None,Great Ball,Escaped
Rattata,Common,1,93,None,Great Ball,Escaped
Bidoof,Common,54,60,Sleep,Great Ball,Escaped
Zubat,Common,6,95,None,Poke Ball,Escaped
Beldum,Rare,86,24,Poison,Great Ball,Escaped
Poliwag,Common,32,14,None,Poke Ball,Caught
Larvitar,Rare,44,53,Paralyze,Ultra Ball,Caught
Snorlax,Rare,41,96,None,Great Ball,Escaped
Ho-Oh,Legendary,16,22,None,Great Ball,Escaped
Rattata,Common,36,55,None,Poke Ball,Escaped
Beldum,Rare,27,93,None,Poke Ball,Escaped
Bidoof,Common,72,89,None,Great Ball,Escaped
Palkia,Legendary,87,11,None,Great Ball,Escaped
Pidgey,Common,49,63,Paralyze,Poke Ball,Escaped
Rattata,Common,60,38,None,Great Ball,Escaped
Poliwag,Common,78,69,Sleep,Poke Ball,Escaped
Zubat,Common,85,47,None,Poke Ball,Escaped
Mewtwo,Legendary,23,51,None,Ultra Ball,Escaped
Rattata,Common,27,35,None,Great Ball,Escaped
Zubat,Common,49,75,Sleep,Ultra Ball,Caught
Pidgey,Common,48,17,None,Poke Ball,Escaped
Oddish,Common,74,39,Sleep,Ultra Ball,Caught
Zapdos,Legendary,37,60,None,Poke Ball,Escaped
Scyther,Rare,98,26,Poison,Ultra Ball,Escaped
Sentret,Common,10,61,Poison,Ultra Ball,Caught
Snorlax,Rare,46,45,None,Great Ball,Escaped
Rattata,Common,20,56,Sleep,Great Ball,Escaped
Caterpie,Common,8,87,None,Ultra Ball,Caught
Caterpie,Common,81,55,Sleep,Ultra Ball,Caught
Magikarp,Common,30,35,Paralyze,Poke Ball,Caught
Dratini,Rare,70,59,None,Ultra Ball,Escaped
Weedle,Common,52,28,None,Great Ball,Escaped
Weedle,Common,14,94,Paralyze,Ultra Ball,Caught
Poliwag,Common,85,43,Sleep,Poke Ball,Escaped
Sentret,Common,63,83,None,Great Ball,Escaped
Geodude,Common,88,79,None,Poke Ball,Escaped
Magikarp,Common,52,94,Paralyze,Great Ball,Caught
Beldum,Rare,90,85,None,Ultra Ball,Escaped
Zigzagoon,Common,95,95,None,Poke Ball,Escaped
Aerodactyl,Rare,55,61,Poison,Great Ball,Escaped
Chansey,Rare,82,37,Paralyze,Great Ball,Escaped
Rattata,Common,53,65,Paralyze,Ultra Ball,Caught
Arcanine,Rare,28,31,Sleep,Great Ball,Caught
Weedle,Common,98,83,Sleep,Great Ball,Escaped
Poliwag,Common,91,67,Sleep,Poke Ball,Escaped
Lapras,Rare,95,95,None,Ultra Ball,Escaped
Caterpie,Common,48,49,Sleep,Great Ball,Escaped
Larvitar,Rare,78,89,Sleep,Great Ball,Escaped
Lapras,Rare,78,87,None,Ultra Ball,Escaped
Caterpie,Common,97,38,None,Poke Ball,Escaped
Zigzagoon,Common,42,45,None,Great Ball,Escaped
Caterpie,Common,46,95,Sleep,Great Ball,Caught
Zigzagoon,Common,58,1,None,Ultra Ball,Caught
Snorlax,Rare,1,30,None,Great Ball,Escaped
Rattata,Common,8,26,None,Ultra Ball,Caught
Magikarp,Common,15,84,None,Ultra Ball,Caught
Arcanine,Rare,80,13,Paralyze,Great Ball,Caught
Oddish,Common,71,16,Poison,Great Ball,Caught
Geodude,Common,25,75,None,Poke Ball,Escaped
Poliwag,Common,83,41,Paralyze,Great Ball,Caught
Geodude,Common,52,60,Paralyze,Poke Ball,Escaped
Zubat,Common,20,15,Sleep,Poke Ball,Caught
Zigzagoon,Common,50,58,Poison,Ultra Ball,Caught
Pidgey,Common,8,69,Paralyze,Poke Ball,Escaped
Magikarp,Common,87,12,Poison,Ultra Ball,Caught
Oddish,Common,19,72,Paralyze,Great Ball,Caught
Caterpie,Common,4,59,None,Great Ball,Escaped
Bagon,Rare,73,84,Paralyze,Great Ball,Escaped
Rattata,Common,63,5,Sleep,Poke Ball,Caught
Sentret,Common,82,26,None,Great Ball,Escaped
Rattata,Common,81,67,Sleep,Ultra Ball,Caught
Poliwag,Common,60,25,Sleep,Great Ball,Escaped
Rattata,Common,76,53,None,Ultra Ball,Escaped
Zigzagoon,Common,14,73,None,Poke Ball,Escaped
Geodude,Common,79,95,None,Great Ball,Escaped
Sentret,Common,65,62,None,Great Ball,Escaped
Oddish,Common,1,21,None,Great Ball,Caught
Arcanine,Rare,16,33,Sleep,Great Ball,Caught
Snorlax,Rare,60,100,Paralyze,Poke Ball,Escaped
Gible,Rare,60,3,None,Ultra Ball,Escaped
Rattata,Common,41,66,Sleep,Poke Ball,Escaped
Pidgey,Common,74,70,Sleep,Ultra Ball,Caught
Magikarp,Common,85,48,Sleep,Ultra Ball,Caught
Lapras,Rare,2,97,None,Ultra Ball,Escaped
Bidoof,Common,70,96,None,Great Ball,Escaped
Geodude,Common,46,79,Paralyze,Ultra Ball,Caught
Gible,Rare,42,67,Poison,Great Ball,Escaped
Zigzagoon,Common,12,83,None,Ultra Ball,Caught
Snorlax,Rare,25,7,None,Poke Ball,Escaped
Articuno,Legendary,91,4,None,Ultra Ball,Escaped
Dialga,Legendary,99,36,None,Great Ball,Escaped
Zubat,Common,68,60,None,Poke Ball,Escaped
Arceus,Legendary,19,59,Poison,Great Ball,Escaped
Rattata,Common,20,74,None,Great Ball,Escaped
Zubat,Common,42,34,Sleep,Poke Ball,Caught
Zubat,Common,81,48,Poison,Great Ball,Escaped
Zigzagoon,Common,62,78,Sleep,Great Ball,Escaped
Scyther,Rare,65,95,Paralyze,Ultra Ball,Escaped
Oddish,Common,4,16,None,Great Ball,Caught
Chansey,Rare,40,47,Paralyze,Ultra Ball,Caught
Bagon,Rare,19,58,Sleep,Great Ball,Escaped
Magikarp,Common,23,25,Poison,Ultra Ball,Caught
Oddish,Common,60,76,None,Poke Ball,Escaped
Caterpie,Common,20,67,None,Poke Ball,Escaped
Arcanine,Rare,40,100,Sleep,Poke Ball,Escaped
Magikarp,Common,86,84,Paralyze,Ultra Ball,Caught
Gyarados,Rare,35,43,Paralyze,Great Ball,Caught
Sentret,Common,10,98,Poison,Poke Ball,Escaped
Zigzagoon,Common,19,93,Poison,Ultra Ball,Caught
Sentret,Common,58,30,None,Ultra Ball,Caught
Rattata,Common,16,49,None,Great Ball,Caught
Sentret,Common,90,40,None,Ultra Ball,Escaped
Magikarp,Common,78,90,None,Poke Ball,Escaped
Geodude,Common,47,9,Sleep,Great Ball,Caught
Articuno,Legendary,99,73,Paralyze,Ultra Ball,Escaped
Rattata,Common,61,55,None,Great Ball,Escaped
Larvitar,Rare,22,54,None,Poke Ball,Escaped
Poliwag,Common,7,96,None,Great Ball,Escaped
Rattata,Common,71,17,None,Great Ball,Caught
Lapras,Rare,4,8,Sleep,Great Ball,Caught
Zapdos,Legendary,8,61,Sleep,Great Ball,Escaped
Pidgey,Common,1,9,None,Ultra Ball,Caught
Pidgey,Common,100,97,None,Great Ball,Escaped
Magikarp,Common,34,26,None,Poke Ball,Escaped
Zubat,Common,89,56,Sleep,Ultra Ball,Caught
Rattata,Common,12,45,None,Poke Ball,Escaped
Poliwag,Common,100,12,Paralyze,Great Ball,Caught
Bidoof,Common,95,27,None,Ultra Ball,Escaped
Arcanine,Rare,77,63,Paralyze,Great Ball,Escaped
Bagon,Rare,35,51,Sleep,Great Ball,Escaped
Snorlax,Rare,81,46,None,Great Ball,Escaped
Ho-Oh,Legendary,36,70,Sleep,Great Ball,Escaped
Bidoof,Common,20,81,Sleep,Great Ball,Caught
Rattata,Common,55,15,None,Poke Ball,Escaped
Rattata,Common,30,94,Poison,Poke Ball,Escaped
Magikarp,Common,58,71,None,Poke Ball,Escaped
Dialga,Legendary,88,69,None,Poke Ball,Escaped
Magikarp,Common,82,92,Sleep,Poke Ball,Escaped
Poliwag,Common,74,44,None,Poke Ball,Escaped
Snorlax,Rare,99,69,Sleep,Great Ball,Escaped
Zigzagoon,Common,82,72,Paralyze,Poke Ball,Escaped
Sentret,Common,23,57,None,Poke Ball,Escaped
Lapras,Rare,33,81,None,Great Ball,Escaped
Bidoof,Common,84,78,Paralyze,Great Ball,Escaped
Bagon,Rare,27,40,Sleep,Ultra Ball,Caught
Geodude,Common,54,30,Sleep,Poke Ball,Escaped
Magikarp,Common,1,7,None,Great Ball,Caught
Poliwag,Common,18,42,Paralyze,Great Ball,Caught
Aerodactyl,Rare,76,21,Paralyze,Poke Ball,Escaped
Rattata,Common,51,84,Paralyze,Ultra Ball,Caught
Aerodactyl,Rare,87,12,Poison,Poke Ball,Escaped
Zigzagoon,Common,92,24,Sleep,Ultra Ball,Caught
Caterpie,Common,85,98,Paralyze,Ultra Ball,Caught
Bagon,Rare,65,69,Sleep,Great Ball,Escaped
Rayquaza,Legendary,89,5,Paralyze,Great Ball,Escaped
Rattata,Common,52,54,None,Poke Ball,Escaped
Magikarp,Common,91,7,Paralyze,Poke Ball,Escaped
Arcanine,Rare,69,52,Poison,Great Ball,Escaped
Geodude,Common,94,74,None,Ultra Ball,Escaped
Weedle,Common,22,66,None,Great Ball,Escaped
Kyogre,Legendary,51,18,None,Ultra Ball,Escaped
Bidoof,Common,70,80,None,Poke Ball,Escaped
Geodude,Common,49,46,None,Poke Ball,Escaped
Poliwag,Common,59,52,None,Great Ball,Escaped
Bidoof,Common,83,35,Paralyze,Great Ball,Escaped
Bidoof,Common,19,45,None,Poke Ball,Escaped
Weedle,Common,11,79,Paralyze,Great Ball,Caught
Pidgey,Common,72,54,None,Poke Ball,Escaped
Gyarados,Rare,32,75,Paralyze,Great Ball,Escaped
Oddish,Common,19,73,Sleep,Ultra Ball,Caught
Bidoof,Common,69,88,Poison,Poke Ball,Escaped
Weedle,Common,74,70,Paralyze,Poke Ball,Escaped
Magikarp,Common,100,99,None,Poke Ball,Escaped
Chansey,Rare,86,2,Sleep,Poke Ball,Escaped
Scyther,Rare,77,10,None,Poke Ball,Escaped
Zubat,Common,64,57,None,Ultra Ball,Escaped
Pidgey,Common,75,32,None,Poke Ball,Escaped
Magikarp,Common,44,62,Sleep,Great Ball,Escaped
Oddish,Common,12,79,Paralyze,Great Ball,Escaped
Pidgey,Common,1,20,Paralyze,Great Ball,Caught
Zigzagoon,Common,42,58,Poison,Great Ball,Escaped
Geodude,Common,48,48,Paralyze,Ultra Ball,Caught
Weedle,Common,20,46,None,Poke Ball,Escaped
Poliwag,Common,78,95,Sleep,Great Ball,Escaped
Bidoof,Common,73,76,None,Ultra Ball,Escaped
Geodude,Common,53,71,Sleep,Great Ball,Escaped
Lapras,Rare,60,12,None,Great Ball,Escaped
Weedle,Common,70,41,Paralyze,Poke Ball,Escaped
Pidgey,Common,76,48,Sleep,Great Ball,Escaped
Groudon,Legendary,32,30,None,Great Ball,Escaped
Weedle,Common,80,78,Paralyze,Ultra Ball,Caught
Dialga,Legendary,66,23,None,Great Ball,Escaped
Magikarp,Common,84,57,None,Great Ball,Escaped
Oddish,Common,77,72,Poison,Great Ball,Escaped
Larvitar,Rare,46,1,None,Poke Ball,Escaped
Sentret,Common,95,81,None,Great Ball,Escaped
Geodude,Common,90,35,Paralyze,Great Ball,Caught
Arcanine,Rare,51,74,Sleep,Great Ball,Escaped
Geodude,Common,3,45,None,Poke Ball,Caught
Zapdos,Legendary,72,97,None,Poke Ball,Escaped
Pidgey,Common,4,19,None,Ultra Ball,Caught
Beldum,Rare,53,28,Paralyze,Great Ball,Escaped
Rattata,Common,99,39,None,Poke Ball,Escaped
Geodude,Common,51,98,Paralyze,Great Ball,Escaped
Dratini,Rare,95,90,Sleep,Ultra Ball,Escaped
Weedle,Common,49,58,Paralyze,Great Ball,Caught
Weedle,Common,71,22,Sleep,Ultra Ball,Caught
Kyogre,Legendary,48,25,Sleep,Ultra Ball,Escaped
Magikarp,Common,68,35,None,Great Ball,Escaped
Bagon,Rare,5,75,None,Ultra Ball,Escaped
Dratini,Rare,62,93,None,Ultra Ball,Escaped
Scyther,Rare,69,62,Sleep,Poke Ball,Escaped
Zigzagoon,Common,58,26,Paralyze,Ultra Ball,Caught
Sentret,Common,84,8,None,Poke Ball,Escaped
Oddish,Common,84,99,None,Ultra Ball,Escaped
Chansey,Rare,18,14,None,Ultra Ball,Escaped
Aerodactyl,Rare,76,45,Paralyze,Great Ball,Escaped
Caterpie,Common,12,48,None,Great Ball,Escaped
Rattata,Common,68,58,Sleep,Ultra Ball,Caught
Larvitar,Rare,94,39,None,Poke Ball,Escaped
Poliwag,Common,55,65,None,Great Ball,Escaped
Oddish,Common,55,20,None,Ultra Ball,Caught
Pidgey,Common,37,76,None,Poke Ball,Escaped
Bagon,Rare,78,17,None,Great Ball,Escaped
Lapras,Rare,41,13,Sleep,Poke Ball,Caught
Rattata,Common,8,92,Paralyze,Ultra Ball,Caught
Zubat,Common,23,40,None,Ultra Ball,Caught
Dratini,Rare,97,48,Paralyze,Ultra Ball,Escaped
Lapras,Rare,49,71,None,Great Ball,Escaped
Geodude,Common,5,62,None,Poke Ball,Escaped
Zigzagoon,Common,66,63,None,Ultra Ball,Escaped
Pidgey,Common,84,25,None,Great Ball,Escaped
Bidoof,Common,69,6,None,Poke Ball,Escaped
Rattata,Common,61,70,None,Great Ball,Escaped
Dratini,Rare,69,10,None,Poke Ball,Escaped
Geodude,Common,40,42,Poison,Ultra Ball,Caught
Gible,Rare,79,35,None,Ultra Ball,Escaped
Larvitar,Rare,51,14,Paralyze,Ultra Ball,Caught
Dialga,Legendary,87,21,None,Great Ball,Escaped
Larvitar,Rare,31,42,Poison,Great Ball,Escaped
Lapras,Rare,22,19,Paralyze,Poke Ball,Caught
Gible,Rare,39,68,None,Poke Ball,Escaped
Bagon,Rare,70,68,None,Ultra Ball,Escaped
Pidgey,Common,13,77,None,Ultra Ball,Caught
Poliwag,Common,67,92,None,Poke Ball,Escaped
Scyther,Rare,29,88,None,Poke Ball,Escaped
Scyther,Rare,36,1,Poison,Poke Ball,Escaped
Geodude,Common,22,61,None,Ultra Ball,Escaped
Snorlax,Rare,6,62,Paralyze,Ultra Ball,Caught
Sentret,Common,77,17,None,Poke Ball,Escaped
Gyarados,Rare,33,97,None,Poke Ball,Escaped
Aerodactyl,Rare,97,56,None,Ultra Ball,Escaped
Zapdos,Legendary,86,87,None,Poke Ball,Escaped
Weedle,Common,40,100,Sleep,Great Ball,Caught
Caterpie,Common,35,23,Poison,Great Ball,Escaped
Ho-Oh,Legendary,64,80,Sleep,Great Ball,Escaped
Snorlax,Rare,96,31,Poison,Ultra Ball,Escaped
Pidgey,Common,95,77,None,Ultra Ball,Escaped
Mewtwo,Legendary,93,79,None,Great Ball,Escaped
Beldum,Rare,81,93,Paralyze,Poke Ball,Escaped
Arcanine,Rare,40,75,None,Poke Ball,Escaped
Scyther,Rare,59,24,Sleep,Ultra Ball,Caught
Lapras,Rare,37,18,Sleep,Great Ball,Caught
Gible,Rare,21,62,None,Great Ball,Escaped
Zubat,Common,89,44,Poison,Great Ball,Escaped
Larvitar,Rare,78,53,Sleep,Ultra Ball,Escaped
Beldum,Rare,38,88,None,Great Ball,Escaped
Beldum,Rare,45,28,Paralyze,Ultra Ball,Caught
Caterpie,Common,80,72,Sleep,Great Ball,Escaped
Larvitar,Rare,81,60,None,Poke Ball,Escaped
Caterpie,Common,25,1,Paralyze,Ultra Ball,Caught
Sentret,Common,26,74,Paralyze,Ultra Ball,Caught
Zigzagoon,Common,67,1,None,Poke Ball,Escaped
Magikarp,Common,39,79,None,Poke Ball,Escaped
Weedle,Common,24,83,None,Great Ball,Escaped
Weedle,Common,53,36,None,Poke Ball,Escaped
Oddish,Common,51,80,None,Ultra Ball,Escaped
Larvitar,Rare,39,4,Paralyze,Ultra Ball,Caught
Aerodactyl,Rare,66,62,Sleep,Great Ball,Escaped
Zigzagoon,Common,24,4,Sleep,Poke Ball,Caught
Gible,Rare,25,65,Sleep,Great Ball,Escaped
Lapras,Rare,28,9,None,Great Ball,Escaped
Oddish,Common,79,42,Poison,Ultra Ball,Escaped
Caterpie,Common,65,69,None,Ultra Ball,Escaped
Larvitar,Rare,23,75,Paralyze,Great Ball,Escaped
Zigzagoon,Common,100,45,Sleep,Ultra Ball,Caught
Pidgey,Common,67,91,Paralyze,Ultra Ball,Caught
Magikarp,Common,44,94,None,Great Ball,Escaped
Sentret,Common,90,2,Paralyze,Poke Ball,Escaped
Caterpie,Common,60,7,Paralyze,Great Ball,Caught
Weedle,Common,61,21,Paralyze,Ultra Ball,Caught
Caterpie,Common,76,42,Sleep,Poke Ball,Caught
Dratini,Rare,38,19,Paralyze,Great Ball,Caught
Pidgey,Common,4,80,Sleep,Poke Ball,Escaped
Pidgey,Common,74,42,Paralyze,Ultra Ball,Caught
Sentret,Common,75,69,None,Ultra Ball,Escaped
Bidoof,Common,97,6,Poison,Great Ball,Escaped
Zigzagoon,Common,23,84,Paralyze,Ultra Ball,Caught
Gible,Rare,12,37,None,Ultra Ball,Escaped
Sentret,Common,94,25,None,Great Ball,Escaped
Lapras,Rare,26,5,Sleep,Ultra Ball,Caught
Pidgey,Common,84,28,Sleep,Ultra Ball,Caught
Lapras,Rare,63,20,None,Poke Ball,Escaped
Pidgey,Common,54,90,Poison,Poke Ball,Escaped
Gible,Rare,69,21,None,Great Ball,Escaped
Bidoof,Common,62,14,None,Great Ball,Escaped
Lapras,Rare,40,94,Paralyze,Ultra Ball,Caught
Zubat,Common,76,84,Sleep,Poke Ball,Escaped
Oddish,Common,31,38,None,Great Ball,Caught
Aerodactyl,Rare,12,68,None,Ultra Ball,Escaped
Magikarp,Common,41,100,Paralyze,Ultra Ball,Caught
Rattata,Common,94,52,Sleep,Ultra Ball,Escaped
Rattata,Common,80,93,Sleep,Ultra Ball,Escaped
Ho-Oh,Legendary,82,27,Paralyze,Ultra Ball,Escaped
Oddish,Common,19,69,None,Great Ball,Escaped
Magikarp,Common,39,99,Sleep,Poke Ball,Escaped
Pidgey,Common,56,91,None,Great Ball,Escaped
Gyarados,Rare,34,68,None,Great Ball,Escaped
Snorlax,Rare,92,93,None,Ultra Ball,Escaped
Arceus,Legendary,94,79,None,Poke Ball,Escaped
Scyther,Rare,11,88,None,Great Ball,Escaped
Caterpie,Common,14,23,Paralyze,Poke Ball,Caught
Arcanine,Rare,2,80,None,Great Ball,Escaped
Geodude,Common,34,92,Paralyze,Ultra Ball,Caught
Rattata,Common,51,62,None,Poke Ball,Escaped
Rayquaza,Legendary,18,71,Sleep,Ultra Ball,Escaped
Oddish,Common,95,55,None,Great Ball,Escaped
Caterpie,Common,12,71,Poison,Ultra Ball,Caught
Magikarp,Common,29,62,Sleep,Ultra Ball,Caught
Sentret,Common,12,27,Sleep,Poke Ball,Escaped
Aerodactyl,Rare,94,46,Sleep,Great Ball,Escaped
Ho-Oh,Legendary,8,72,Sleep,Ultra Ball,Escaped
Geodude,Common,74,54,Paralyze,Poke Ball,Escaped
Sentret,Common,46,44,None,Great Ball,Escaped
Arceus,Legendary,24,37,None,Poke Ball,Escaped
Sentret,Common,21,100,Sleep,Ultra Ball,Caught
Geodude,Common,12,41,None,Ultra Ball,Caught
Sentret,Common,48,62,None,Poke Ball,Escaped
Gible,Rare,59,88,Sleep,Great Ball,Escaped
Zigzagoon,Common,1,1,Sleep,Ultra Ball,Caught
Weedle,Common,98,9,None,Great Ball,Escaped
Rattata,Common,32,80,None,Ultra Ball,Escaped
Magikarp,Common,2,91,Paralyze,Poke Ball,Escaped
Lugia,Legendary,75,19,None,Great Ball,Escaped
Magikarp,Common,63,11,Sleep,Great Ball,Caught
Zigzagoon,Common,88,84,Sleep,Great Ball,Escaped
Lapras,Rare,72,39,None,Poke Ball,Escaped
Rattata,Common,7,13,Sleep,Great Ball,Caught
Larvitar,Rare,92,45,Poison,Great Ball,Escaped
Zubat,Common,10,97,None,Poke Ball,Escaped
Articuno,Legendary,24,50,Poison,Great Ball,Escaped
Pidgey,Common,51,91,Sleep,Great Ball,Caught
Magikarp,Common,25,83,Paralyze,Poke Ball,Escaped
Rattata,Common,17,72,Paralyze,Great Ball,Caught
Weedle,Common,95,59,None,Poke Ball,Escaped
Geodude,Common,28,70,Paralyze,Great Ball,Caught
Magikarp,Common,80,59,Paralyze,Poke Ball,Escaped
Poliwag,Common,76,56,Paralyze,Poke Ball,Escaped
Magikarp,Common,31,7,None,Great Ball,Escaped
Zubat,Common,32,51,None,Ultra Ball,Caught
Zigzagoon,Common,44,10,Paralyze,Poke Ball,Caught
Groudon,Legendary,9,7,None,Poke Ball,Escaped
Weedle,Common,65,88,None,Great Ball,Escaped
Magikarp,Common,73,74,Poison,Poke Ball,Escaped
Weedle,Common,6,76,None,Ultra Ball,Caught
Magikarp,Common,5,24,Paralyze,Poke Ball,Caught
Oddish,Common,34,51,Paralyze,Ultra Ball,Caught
Weedle,Common,92,66,Paralyze,Poke Ball,Escaped
Pidgey,Common,92,3,Sleep,Poke Ball,Caught
Zubat,Common,36,30,None,Poke Ball,Escaped
Arcanine,Rare,46,24,Sleep,Great Ball,Escaped
Zigzagoon,Common,99,10,None,Ultra Ball,Caught
Scyther,Rare,20,66,None,Great Ball,Escaped
Ho-Oh,Legendary,17,53,Paralyze,Great Ball,Escaped
Larvitar,Rare,28,98,Sleep,Great Ball,Escaped
Poliwag,Common,33,41,Paralyze,Poke Ball,Escaped
Bidoof,Common,19,48,None,Great Ball,Escaped
Sentret,Common,39,12,None,Great Ball,Caught
Geodude,Common,84,38,None,Great Ball,Escaped
Pidgey,Common,41,77,None,Great Ball,Escaped
Geodude,Common,13,26,Poison,Great Ball,Caught
Bidoof,Common,66,96,None,Ultra Ball,Caught
Gyarados,Rare,63,45,None,Poke Ball,Escaped
Bidoof,Common,24,38,None,Ultra Ball,Caught
Weedle,Common,65,51,Poison,Ultra Ball,Escaped
Gible,Rare,16,47,None,Poke Ball,Escaped
Gible,Rare,82,98,Sleep,Ultra Ball,Escaped
Larvitar,Rare,76,37,Paralyze,Ultra Ball,Escaped
Scyther,Rare,77,37,None,Poke Ball,Escaped
Poliwag,Common,85,29,None,Ultra Ball,Escaped
Pidgey,Common,85,73,None,Poke Ball,Escaped
Bidoof,Common,87,64,Sleep,Great Ball,Escaped
Beldum,Rare,94,83,None,Poke Ball,Escaped
Ho-Oh,Legendary,68,31,Sleep,Poke Ball,Escaped
Oddish,Common,23,41,Paralyze,Poke Ball,Caught
Chansey,Rare,88,75,None,Ultra Ball,Escaped
Weedle,Common,51,11,None,Poke Ball,Caught
Zigzagoon,Common,13,69,None,Great Ball,Escaped
Lapras,Rare,10,13,Paralyze,Poke Ball,Caught
Zubat,Common,53,6,None,Great Ball,Escaped
Geodude,Common,67,44,None,Ultra Ball,Escaped
Rayquaza,Legendary,52,89,Sleep,Ultra Ball,Escaped
Magikarp,Common,40,85,Sleep,Great Ball,Escaped
Oddish,Common,7,18,Paralyze,Poke Ball,Caught
Zubat,Common,57,95,Sleep,Poke Ball,Escaped
Beldum,Rare,82,33,Paralyze,Poke Ball,Escaped
Scyther,Rare,1,89,None,Ultra Ball,Escaped
Bidoof,Common,5,100,Sleep,Great Ball,Caught
Beldum,Rare,13,11,None,Ultra Ball,Caught
Chansey,Rare,4,12,Sleep,Poke Ball,Caught
Bidoof,Common,85,66,Poison,Poke Ball,Escaped
Zigzagoon,Common,76,26,Paralyze,Great Ball,Caught
Lugia,Legendary,84,80,None,Ultra Ball,Escaped
Scyther,Rare,98,34,Paralyze,Great Ball,Escaped
Aerodactyl,Rare,27,3,None,Great Ball,Escaped
Zapdos,Legendary,64,58,None,Great Ball,Escaped
Chansey,Rare,28,41,None,Poke Ball,Escaped
Arcanine,Rare,14,89,Poison,Great Ball,Escaped
Bidoof,Common,38,8,None,Poke Ball,Escaped
Larvitar,Rare,63,81,Sleep,Great Ball,Escaped
Rattata,Common,90,52,Paralyze,Ultra Ball,Caught
Dratini,Rare,27,97,Poison,Ultra Ball,Escaped
Pidgey,Common,14,42,Sleep,Poke Ball,Caught
Weedle,Common,15,7,Sleep,Poke Ball,Caught
Rattata,Common,9,47,None,Ultra Ball,Caught
Gible,Rare,34,27,None,Ultra Ball,Escaped
Palkia,Legendary,65,35,Poison,Ultra Ball,Escaped
Gible,Rare,57,61,Sleep,Poke Ball,Escaped
Gible,Rare,63,41,None,Poke Ball,Escaped
Arcanine,Rare,1,26,Sleep,Ultra Ball,Caught
Caterpie,Common,17,1,None,Ultra Ball,Caught
Larvitar,Rare,71,40,Poison,Poke Ball,Escaped
Arcanine,Rare,43,19,Sleep,Ultra Ball,Caught
Zapdos,Legendary,26,42,Sleep,Ultra Ball,Escaped
Bagon,Rare,88,8,Sleep,Great Ball,Caught
Zigzagoon,Common,50,57,None,Great Ball,Escaped
Rattata,Common,2,35,None,Great Ball,Caught
Rattata,Common,75,74,Sleep,Great Ball,Caught
Zubat,Common,46,40,None,Great Ball,Escaped
Zubat,Common,19,8,None,Great Ball,Caught
Lapras,Rare,58,28,Sleep,Ultra Ball,Caught
Rayquaza,Legendary,11,39,Paralyze,Poke Ball,Escaped
Magikarp,Common,42,7,Sleep,Poke Ball,Caught
Weedle,Common,24,9,Paralyze,Poke Ball,Caught
Gible,Rare,92,5,Poison,Poke Ball,Escaped
Bidoof,Common,51,88,Paralyze,Great Ball,Caught
Gible,Rare,27,65,None,Ultra Ball,Escaped
Weedle,Common,91,29,Sleep,Great Ball,Caught
Oddish,Common,49,75,Paralyze,Ultra Ball,Caught
Zubat,Common,32,77,Poison,Great Ball,Escaped
Poliwag,Common,47,84,None,Great Ball,Escaped
Bagon,Rare,98,28,Paralyze,Ultra Ball,Escaped
Gible,Rare,99,68,None,Poke Ball,Escaped
Gible,Rare,6,32,Paralyze,Poke Ball,Escaped
Poliwag,Common,64,27,Paralyze,Poke Ball,Escaped
Weedle,Common,18,26,Poison,Poke Ball,Caught
Oddish,Common,23,94,None,Great Ball,Escaped
Sentret,Common,25,63,None,Ultra Ball,Caught
Oddish,Common,76,29,None,Ultra Ball,Caught
Pidgey,Common,67,94,Sleep,Ultra Ball,Caught
Sentret,Common,18,15,Paralyze,Poke Ball,Caught
Zubat,Common,3,9,Paralyze,Great Ball,Caught
Poliwag,Common,62,55,None,Great Ball,Escaped
Magikarp,Common,43,67,Poison,Poke Ball,Escaped
Geodude,Common,88,32,None,Ultra Ball,Escaped
Kyogre,Legendary,10,62,Sleep,Ultra Ball,Escaped
Arceus,Legendary,72,22,None,Ultra Ball,Escaped
Poliwag,Common,100,13,Sleep,Poke Ball,Caught
Bidoof,Common,41,98,Paralyze,Great Ball,Escaped
Rayquaza,Legendary,80,68,Sleep,Ultra Ball,Escaped
Sentret,Common,92,92,Paralyze,Great Ball,Escaped
Weedle,Common,98,23,None,Great Ball,Escaped
Larvitar,Rare,81,78,Poison,Ultra Ball,Escaped
Sentret,Common,5,76,Paralyze,Poke Ball,Escaped
Pidgey,Common,14,72,None,Great Ball,Escaped
Poliwag,Common,21,96,None,Great Ball,Escaped
Poliwag,Common,46,63,Paralyze,Ultra Ball,Caught
Bidoof,Common,66,81,Paralyze,Great Ball,Escaped
Magikarp,Common,75,31,None,Great Ball,Escaped
Zubat,Common,54,50,None,Poke Ball,Escaped
Geodude,Common,39,19,Paralyze,Ultra Ball,Caught
Larvitar,Rare,71,69,Sleep,Ultra Ball,Escaped
Arceus,Legendary,21,73,None,Poke Ball,Escaped
Scyther,Rare,37,90,Sleep,Poke Ball,Escaped
Bidoof,Common,86,87,None,Ultra Ball,Escaped
Lapras,Rare,92,26,Sleep,Poke Ball,Escaped
Bidoof,Common,39,90,None,Great Ball,Escaped
Sentret,Common,27,42,None,Poke Ball,Escaped
Magikarp,Common,22,74,None,Great Ball,Escaped
Gible,Rare,7,30,None,Ultra Ball,Escaped
Geodude,Common,30,49,None,Poke Ball,Escaped
Arcanine,Rare,16,5,None,Great Ball,Escaped
Pidgey,Common,5,76,None,Great Ball,Escaped
Poliwag,Common,20,29,Sleep,Poke Ball,Caught
Geodude,Common,64,99,None,Poke Ball,Escaped
Rattata,Common,96,100,None,Poke Ball,Escaped
Sentret,Common,82,71,Sleep,Ultra Ball,Caught
Sentret,Common,51,96,None,Great Ball,Escaped
Bidoof,Common,81,9,None,Great Ball,Escaped
Gible,Rare,14,30,Sleep,Ultra Ball,Caught
Weedle,Common,15,98,Paralyze,Ultra Ball,Caught
Oddish,Common,98,11,Paralyze,Ultra Ball,Caught
Bagon,Rare,77,18,Paralyze,Poke Ball,Escaped
Gyarados,Rare,88,74,None,Great Ball,Escaped
Poliwag,Common,72,45,None,Ultra Ball,Caught
Zigzagoon,Common,68,40,None,Great Ball,Escaped
Bidoof,Common,69,33,None,Poke Ball,Escaped
Magikarp,Common,91,58,Paralyze,Ultra Ball,Caught
Weedle,Common,31,96,Sleep,Ultra Ball,Caught
Ho-Oh,Legendary,69,97,None,Poke Ball,Escaped
Chansey,Rare,23,92,Sleep,Poke Ball,Escaped
Geodude,Common,12,53,None,Poke Ball,Escaped
Larvitar,Rare,50,47,None,Poke Ball,Escaped
Lapras,Rare,30,59,None,Poke Ball,Escaped
Weedle,Common,25,53,None,Poke Ball,Escaped
Geodude,Common,91,98,Sleep,Ultra Ball,Escaped
Scyther,Rare,49,7,None,Ultra Ball,Caught
Dratini,Rare,60,96,None,Ultra Ball,Escaped
Zigzagoon,Common,37,99,None,Ultra Ball,Escaped
Geodude,Common,88,14,Paralyze,Ultra Ball,Caught
Zigzagoon,Common,56,58,None,Poke Ball,Escaped
Kyogre,Legendary,52,10,None,Ultra Ball,Escaped
Gible,Rare,41,33,Paralyze,Poke Ball,Escaped
Weedle,Common,83,8,Poison,Poke Ball,Escaped
Dialga,Legendary,41,49,None,Ultra Ball,Escaped
Bagon,Rare,76,80,Paralyze,Poke Ball,Escaped
Pidgey,Common,59,71,None,Poke Ball,Escaped
Zigzagoon,Common,2,99,None,Poke Ball,Escaped
Bidoof,Common,83,25,None,Ultra Ball,Escaped
Zubat,Common,76,81,None,Poke Ball,Escaped
Mewtwo,Legendary,63,54,None,Great Ball,Escaped
Dialga,Legendary,24,4,None,Ultra Ball,Escaped
Zubat,Common,52,32,None,Ultra Ball,Caught
Scyther,Rare,58,54,Sleep,Ultra Ball,Caught
Sentret,Common,80,71,Poison,Ultra Ball,Escaped
Larvitar,Rare,98,51,Sleep,Great Ball,Escaped
Geodude,Common,18,63,None,Ultra Ball,Caught
Magikarp,Common,90,50,Paralyze,Poke Ball,Escaped
Lapras,Rare,83,94,None,Great Ball,Escaped
Sentret,Common,75,90,Sleep,Ultra Ball,Caught
Sentret,Common,78,2,None,Poke Ball,Escaped
Snorlax,Rare,78,16,None,Poke Ball,Escaped
Zigzagoon,Common,51,65,None,Great Ball,Escaped
Gible,Rare,8,52,None,Great Ball,Escaped
Zigzagoon,Common,20,60,None,Poke Ball,Escaped
Caterpie,Common,46,72,Sleep,Poke Ball,Escaped
Mewtwo,Legendary,34,52,None,Poke Ball,Escaped
Bidoof,Common,45,71,Paralyze,Ultra Ball,Caught
Pidgey,Common,9,58,Poison,Ultra Ball,Caught
Caterpie,Common,88,66,Paralyze,Great Ball,Escaped
Sentret,Common,99,9,None,Great Ball,Escaped
Lugia,Legendary,75,31,None,Ultra Ball,Escaped
Pidgey,Common,85,87,Paralyze,Ultra Ball,Escaped
Zigzagoon,Common,78,61,Sleep,Poke Ball,Escaped
Lapras,Rare,55,28,None,Great Ball,Escaped
Rayquaza,Legendary,16,28,None,Ultra Ball,Escaped
Oddish,Common,73,89,None,Poke Ball,Escaped
Aerodactyl,Rare,69,27,None,Poke Ball,Escaped
Lapras,Rare,27,34,Sleep,Great Ball,Escaped
Scyther,Rare,64,59,Sleep,Great Ball,Escaped
Oddish,Common,69,66,None,Ultra Ball,Escaped
Oddish,Common,75,15,None,Poke Ball,Escaped
Snorlax,Rare,14,68,Poison,Poke Ball,Escaped
Ho-Oh,Legendary,53,15,Sleep,Great Ball,Escaped
Weedle,Common,57,55,None,Poke Ball,Escaped
Larvitar,Rare,4,41,Poison,Ultra Ball,Caught
Larvitar,Rare,47,23,None,Great Ball,Escaped
Oddish,Common,64,11,Paralyze,Poke Ball,Escaped
Geodude,Common,3,75,Paralyze,Poke Ball,Escaped
Scyther,Rare,46,26,None,Poke Ball,Escaped
Rattata,Common,4,35,None,Ultra Ball,Caught
Snorlax,Rare,72,23,Sleep,Poke Ball,Escaped
Dialga,Legendary,40,55,Paralyze,Poke Ball,Escaped
Gyarados,Rare,19,71,Paralyze,Ultra Ball,Caught
Poliwag,Common,67,15,None,Ultra Ball,Caught
Pidgey,Common,57,30,Sleep,Great Ball,Caught
Geodude,Common,11,2,None,Great Ball,Caught
Scyther,Rare,44,44,None,Great Ball,Escaped
Magikarp,Common,84,10,Sleep,Poke Ball,Escaped
Zubat,Common,81,60,Poison,Ultra Ball,Escaped
Magikarp,Common,62,43,None,Ultra Ball,Escaped
Mewtwo,Legendary,60,54,Sleep,Ultra Ball,Escaped
Gyarados,Rare,69,92,Sleep,Ultra Ball,Escaped
Gible,Rare,31,34,None,Ultra Ball,Caught
Oddish,Common,34,51,Paralyze,Poke Ball,Escaped
Gible,Rare,87,51,Sleep,Great Ball,Escaped
Gible,Rare,26,81,None,Great Ball,Escaped
Oddish,Common,7,29,None,Great Ball,Escaped
Snorlax,Rare,55,94,None,Great Ball,Escaped
Caterpie,Common,5,92,Poison,Great Ball,Caught
Giratina,Legendary,40,63,Paralyze,Ultra Ball,Escaped
Larvitar,Rare,66,88,Paralyze,Ultra Ball,Escaped
Larvitar,Rare,73,93,None,Poke Ball,Escaped
Sentret,Common,37,27,None,Poke Ball,Escaped
Zubat,Common,11,46,Paralyze,Great Ball,Caught
Poliwag,Common,22,52,Paralyze,Poke Ball,Caught
Oddish,Common,83,23,Sleep,Great Ball,Escaped
Magikarp,Common,77,51,None,Poke Ball,Escaped
Sentret,Common,95,30,None,Great Ball,Escaped
Sentret,Common,41,90,Paralyze,Great Ball,Caught
Weedle,Common,94,5,None,Great Ball,Escaped
Magikarp,Common,57,95,Paralyze,Ultra Ball,Caught
Caterpie,Common,70,74,None,Great Ball,Escaped
Articuno,Legendary,36,83,Sleep,Poke Ball,Escaped
Poliwag,Common,36,72,None,Poke Ball,Escaped
Bidoof,Common,89,57,None,Poke Ball,Escaped
Snorlax,Rare,49,65,None,Poke Ball,Escaped
Rayquaza,Legendary,61,83,None,Ultra Ball,Escaped
Magikarp,Common,74,62,None,Great Ball,Escaped
Bidoof,Common,86,73,None,Poke Ball,Escaped
Aerodactyl,Rare,67,35,None,Poke Ball,Escaped
Zapdos,Legendary,65,26,Paralyze,Ultra Ball,Escaped
Giratina,Legendary,7,82,Sleep,Poke Ball,Escaped
Magikarp,Common,27,82,Paralyze,Ultra Ball,Caught
Caterpie,Common,87,93,None,Great Ball,Escaped
Arcanine,Rare,78,83,Sleep,Ultra Ball,Escaped
Chansey,Rare,41,72,Sleep,Poke Ball,Escaped
Caterpie,Common,25,39,None,Ultra Ball,Caught
Aerodactyl,Rare,10,47,None,Poke Ball,Escaped
Snorlax,Rare,89,97,Sleep,Ultra Ball,Escaped
Rattata,Common,4,16,None,Poke Ball,Caught
Poliwag,Common,21,83,None,Great Ball,Escaped
Magikarp,Common,27,12,Paralyze,Great Ball,Caught
Giratina,Legendary,8,12,Paralyze,Great Ball,Escaped
Bidoof,Common,13,25,None,Ultra Ball,Caught
Snorlax,Rare,89,3,Paralyze,Great Ball,Caught
Caterpie,Common,16,41,None,Poke Ball,Escaped
Pidgey,Common,75,72,Sleep,Poke Ball,Escaped
Arcanine,Rare,7,55,None,Ultra Ball,Escaped
Oddish,Common,57,15,Sleep,Great Ball,Caught
Sentret,Common,88,47,Poison,Poke Ball,Escaped
Oddish,Common,82,86,None,Great Ball,Escaped
Zubat,Common,82,75,None,Poke Ball,Escaped
Aerodactyl,Rare,70,4,Sleep,Poke Ball,Escaped
Snorlax,Rare,40,30,Sleep,Ultra Ball,Escaped
Mewtwo,Legendary,68,19,None,Poke Ball,Escaped
Lugia,Legendary,89,48,None,Ultra Ball,Escaped
Geodude,Common,77,58,Paralyze,Great Ball,Escaped
Caterpie,Common,22,25,Paralyze,Ultra Ball,Caught
Mewtwo,Legendary,17,48,None,Great Ball,Escaped
Bagon,Rare,98,7,None,Ultra Ball,Escaped
Rattata,Common,70,84,None,Great Ball,Escaped
Rayquaza,Legendary,77,67,Paralyze,Great Ball,Escaped
Scyther,Rare,5,88,None,Ultra Ball,Escaped
Poliwag,Common,92,45,Sleep,Poke Ball,Escaped
Oddish,Common,28,96,None,Poke Ball,Escaped
Pidgey,Common,40,96,None,Great Ball,Escaped
Weedle,Common,54,29,Paralyze,Great Ball,Caught
Sentret,Common,72,76,None,Poke Ball,Escaped
Geodude,Common,68,64,None,Ultra Ball,Escaped
Snorlax,Rare,80,91,Sleep,Great Ball,Escaped
Gyarados,Rare,86,25,None,Poke Ball,Escaped
Chansey,Rare,3,9,Paralyze,Poke Ball,Caught
Aerodactyl,Rare,78,31,None,Poke Ball,Escaped
Zapdos,Legendary,71,56,Sleep,Great Ball,Escaped
Dialga,Legendary,98,32,None,Poke Ball,Escaped
Bidoof,Common,14,7,None,Ultra Ball,Caught
Kyogre,Legendary,86,5,Paralyze,Ultra Ball,Escaped
Zigzagoon,Common,36,29,Sleep,Poke Ball,Caught
Weedle,Common,84,42,Sleep,Ultra Ball,Caught
Gyarados,Rare,69,71,Poison,Ultra Ball,Escaped
Geodude,Common,4,16,Sleep,Great Ball,Caught
Sentret,Common,85,36,Sleep,Great Ball,Escaped
Gible,Rare,95,93,Sleep,Ultra Ball,Escaped
Scyther,Rare,22,96,Poison,Great Ball,Escaped
Geodude,Common,41,82,None,Poke Ball,Escaped
Articuno,Legendary,36,24,Sleep,Ultra Ball,Escaped
Bagon,Rare,34,50,Poison,Great Ball,Escaped
Geodude,Common,1,58,Sleep,Ultra Ball,Caught
Zubat,Common,15,11,None,Poke Ball,Escaped
Bidoof,Common,99,57,None,Great Ball,Escaped
Sentret,Common,62,93,Poison,Ultra Ball,Escaped
Oddish,Common,71,14,None,Ultra Ball,Caught
Chansey,Rare,8,91,None,Poke Ball,Escaped
Weedle,Common,59,91,None,Ultra Ball,Escaped
Pidgey,Common,9,16,None,Ultra Ball,Caught
Gible,Rare,52,32,Sleep,Great Ball,Caught
Rattata,Common,77,83,None,Poke Ball,Escaped
Pidgey,Common,100,2,None,Ultra Ball,Caught
Snorlax,Rare,57,54,None,Poke Ball,Escaped
Sentret,Common,87,61,Sleep,Great Ball,Escaped
Palkia,Legendary,33,30,Sleep,Poke Ball,Escaped
Caterpie,Common,100,83,Sleep,Poke Ball,Escaped
Chansey,Rare,5,82,None,Ultra Ball,Escaped
Geodude,Common,23,82,None,Poke Ball,Escaped
Mewtwo,Legendary,26,6,Poison,Great Ball,Escaped
Gyarados,Rare,31,41,Paralyze,Great Ball,Caught
Kyogre,Legendary,55,15,None,Ultra Ball,Escaped
Poliwag,Common,7,34,None,Ultra Ball,Caught
Geodude,Common,74,14,None,Ultra Ball,Escaped
Aerodactyl,Rare,80,34,Sleep,Poke Ball,Escaped
Gyarados,Rare,40,96,Paralyze,Great Ball,Escaped
Zigzagoon,Common,10,59,Paralyze,Ultra Ball,Caught
Bagon,Rare,57,10,None,Poke Ball,Escaped
Lapras,Rare,90,4,Paralyze,Great Ball,Caught
Larvitar,Rare,95,10,Paralyze,Ultra Ball,Caught
Poliwag,Common,69,9,None,Great Ball,Escaped
Weedle,Common,72,98,None,Great Ball,Escaped
Arcanine,Rare,22,57,Sleep,Great Ball,Escaped
Rattata,Common,3,71,Poison,Ultra Ball,Caught
Caterpie,Common,35,40,Paralyze,Ultra Ball,Caught
Pidgey,Common,91,43,Sleep,Ultra Ball,Caught
Caterpie,Common,59,93,None,Ultra Ball,Escaped
Magikarp,Common,44,63,Sleep,Ultra Ball,Caught
Chansey,Rare,76,62,Paralyze,Poke Ball,Escaped
Zigzagoon,Common,57,56,Poison,Poke Ball,Escaped
Geodude,Common,3,24,Sleep,Great Ball,Caught
Dialga,Legendary,14,81,None,Poke Ball,Escaped
Zubat,Common,9,88,Sleep,Ultra Ball,Caught
Rattata,Common,79,89,None,Ultra Ball,Escaped
Beldum,Rare,92,82,None,Great Ball,Escaped
Larvitar,Rare,4,76,None,Great Ball,Escaped
Bidoof,Common,27,100,Paralyze,Poke Ball,Escaped
Weedle,Common,70,1,Sleep,Ultra Ball,Caught
Oddish,Common,82,65,None,Great Ball,Escaped
Beldum,Rare,67,46,None,Ultra Ball,Escaped
Poliwag,Common,99,13,Sleep,Poke Ball,Caught
Aerodactyl,Rare,89,79,None,Ultra Ball,Escaped
Geodude,Common,94,51,None,Ultra Ball,Escaped
Poliwag,Common,14,52,None,Great Ball,Escaped
Bidoof,Common,67,65,None,Great Ball,Escaped
Geodude,Common,27,49,Sleep,Ultra Ball,Caught
Giratina,Legendary,96,56,None,Ultra Ball,Escaped
Gible,Rare,47,98,None,Poke Ball,Escaped
Geodude,Common,57,26,None,Great Ball,Escaped
Mewtwo,Legendary,15,8,None,Poke Ball,Escaped
Ho-Oh,Legendary,23,97,Paralyze,Poke Ball,Escaped
Zigzagoon,Common,91,38,Sleep,Great Ball,Escaped
Oddish,Common,37,39,None,Great Ball,Caught
Zigzagoon,Common,47,42,None,Great Ball,Escaped
Poliwag,Common,47,3,None,Ultra Ball,Caught
Giratina,Legendary,34,65,None,Ultra Ball,Escaped
Zubat,Common,64,24,None,Ultra Ball,Caught
Kyogre,Legendary,14,92,None,Poke Ball,Escaped
Zubat,Common,68,93,Poison,Ultra Ball,Escaped
Aerodactyl,Rare,96,61,Poison,Ultra Ball,Escaped
Geodude,Common,15,3,Sleep,Poke Ball,Caught
Oddish,Common,75,16,Paralyze,Great Ball,Caught
Bidoof,Common,25,55,Sleep,Great Ball,Escaped
Oddish,Common,16,71,Paralyze,Great Ball,Caught
Poliwag,Common,65,21,Sleep,Ultra Ball,Caught
Bagon,Rare,37,25,None,Ultra Ball,Escaped
Sentret,Common,76,91,None,Ultra Ball,Escaped
Caterpie,Common,92,52,Poison,Great Ball,Escaped
Snorlax,Rare,72,12,Paralyze,Poke Ball,Escaped
Aerodactyl,Rare,14,61,None,Poke Ball,Escaped
Sentret,Common,29,17,Poison,Great Ball,Caught
Magikarp,Common,34,28,None,Great Ball,Escaped
Gible,Rare,67,28,Sleep,Ultra Ball,Caught
Rattata,Common,38,90,None,Poke Ball,Escaped
Bidoof,Common,7,63,Sleep,Ultra Ball,Caught
Rayquaza,Legendary,7,32,None,Poke Ball,Escaped
Bidoof,Common,91,57,None,Great Ball,Escaped
Chansey,Rare,3,5,None,Ultra Ball,Caught
Pidgey,Common,83,22,None,Poke Ball,Escaped
Kyogre,Legendary,58,52,Sleep,Ultra Ball,Escaped
Dratini,Rare,49,10,None,Ultra Ball,Caught
Caterpie,Common,72,67,Paralyze,Poke Ball,Escaped
Magikarp,Common,13,10,Sleep,Poke Ball,Caught
Articuno,Legendary,50,39,Sleep,Poke Ball,Escaped
Caterpie,Common,70,82,None,Great Ball,Escaped
Sentret,Common,97,57,None,Poke Ball,Escaped
Sentret,Common,66,8,None,Great Ball,Caught
Zigzagoon,Common,55,89,None,Poke Ball,Escaped
Lapras,Rare,72,28,Paralyze,Poke Ball,Escaped
Mewtwo,Legendary,4,69,Sleep,Poke Ball,Escaped
Dratini,Rare,12,54,Sleep,Great Ball,Escaped
Poliwag,Common,72,83,None,Great Ball,Escaped
Gyarados,Rare,26,13,None,Poke Ball,Escaped
Rayquaza,Legendary,42,86,Paralyze,Great Ball,Escaped
Geodude,Common,49,64,Paralyze,Ultra Ball,Caught
Bidoof,Common,95,81,Paralyze,Ultra Ball,Caught
Rattata,Common,79,19,Paralyze,Ultra Ball,Caught
Zubat,Common,16,50,None,Ultra Ball,Caught
Zigzagoon,Common,88,49,Paralyze,Poke Ball,Escaped
Geodude,Common,94,71,Paralyze,Poke Ball,Escaped
Weedle,Common,46,7,Paralyze,Great Ball,Caught
Rattata,Common,69,100,None,Ultra Ball,Escaped
Poliwag,Common,96,46,None,Great Ball,Escaped
Weedle,Common,60,15,Poison,Poke Ball,Escaped
Lapras,Rare,56,69,None,Great Ball,Escaped
Arcanine,Rare,21,75,Paralyze,Great Ball,Escaped
Chansey,Rare,41,25,Paralyze,Ultra Ball,Caught
Weedle,Common,96,38,Sleep,Poke Ball,Escaped
Poliwag,Common,38,47,Sleep,Great Ball,Caught
Oddish,Common,72,49,Paralyze,Poke Ball,Escaped
Geodude,Common,75,14,Sleep,Ultra Ball,Caught
Bidoof,Common,85,34,Paralyze,Great Ball,Escaped
Zigzagoon,Common,29,91,Sleep,Ultra Ball,Caught
Rayquaza,Legendary,17,95,None,Poke Ball,Escaped
Bagon,Rare,34,14,Sleep,Ultra Ball,Caught
Larvitar,Rare,61,51,None,Poke Ball,Escaped
Beldum,Rare,29,77,None,Great Ball,Escaped
Dratini,Rare,40,7,Sleep,Great Ball,Caught
Bidoof,Common,72,50,Poison,Great Ball,Caught
Arcanine,Rare,46,9,None,Ultra Ball,Escaped
Weedle,Common,95,16,None,Poke Ball,Escaped
Sentret,Common,89,95,Sleep,Great Ball,Escaped
Magikarp,Common,5,27,Sleep,Great Ball,Caught
Caterpie,Common,46,24,Poison,Ultra Ball,Caught
Bagon,Rare,11,15,Paralyze,Poke Ball,Caught
Pidgey,Common,78,41,Paralyze,Poke Ball,Escaped
Poliwag,Common,84,6,None,Ultra Ball,Caught
Arcanine,Rare,71,57,Paralyze,Poke Ball,Escaped
Weedle,Common,49,26,None,Ultra Ball,Caught
Palkia,Legendary,100,32,None,Poke Ball,Escaped
Zigzagoon,Common,99,61,None,Ultra Ball,Escaped
Sentret,Common,1,37,None,Poke Ball,Escaped
Lapras,Rare,24,77,Poison,Poke Ball,Escaped
Gyarados,Rare,63,35,Sleep,Poke Ball,Escaped
Larvitar,Rare,4,80,Sleep,Great Ball,Escaped
Rayquaza,Legendary,70,75,None,Ultra Ball,Escaped
Pidgey,Common,39,59,None,Ultra Ball,Caught
Poliwag,Common,11,24,Sleep,Poke Ball,Caught
Pidgey,Common,81,49,None,Great Ball,Escaped
Sentret,Common,28,39,None,Great Ball,Escaped
Arceus,Legendary,5,52,Paralyze,Ultra Ball,Escaped
Bagon,Rare,74,12,None,Great Ball,Escaped
Zubat,Common,94,56,Paralyze,Ultra Ball,Escaped
Caterpie,Common,60,54,None,Poke Ball,Escaped
Palkia,Legendary,57,92,None,Great Ball,Escaped
Pidgey,Common,92,65,None,Ultra Ball,Escaped
Pidgey,Common,51,91,None,Poke Ball,Escaped
Rattata,Common,12,32,Sleep,Poke Ball,Caught
Rattata,Common,30,42,Sleep,Ultra Ball,Caught
Zigzagoon,Common,45,62,Paralyze,Poke Ball,Escaped
Magikarp,Common,19,1,Poison,Poke Ball,Caught
Rattata,Common,52,27,None,Ultra Ball,Escaped
Sentret,Common,67,71,None,Ultra Ball,Escaped
Caterpie,Common,33,84,None,Poke Ball,Escaped
Weedle,Common,60,53,None,Poke Ball,Escaped
Beldum,Rare,32,32,None,Ultra Ball,Escaped
Bidoof,Common,11,19,Paralyze,Ultra Ball,Caught
Chansey,Rare,80,68,Paralyze,Ultra Ball,Escaped
Pidgey,Common,51,1,None,Great Ball,Escaped
Geodude,Common,81,25,None,Great Ball,Escaped
Chansey,Rare,90,58,Sleep,Ultra Ball,Escaped
Bidoof,Common,27,16,None,Ultra Ball,Caught
Zigzagoon,Common,80,41,Sleep,Poke Ball,Caught
Rattata,Common,1,100,Poison,Poke Ball,Escaped
Kyogre,Legendary,54,94,None,Great Ball,Escaped
Kyogre,Legendary,74,50,Sleep,Ultra Ball,Escaped
Oddish,Common,23,60,None,Great Ball,Escaped
Weedle,Common,3,92,Sleep,Great Ball,Caught
Zubat,Common,40,87,None,Poke Ball,Escaped
Gible,Rare,90,25,Paralyze,Poke Ball,Escaped
Zubat,Common,64,60,None,Great Ball,Escaped
Zubat,Common,98,60,None,Poke Ball,Escaped
Rattata,Common,89,99,None,Poke Ball,Escaped
Poliwag,Common,48,77,None,Great Ball,Escaped
Pidgey,Common,28,65,Sleep,Ultra Ball,Caught
Scyther,Rare,77,41,Sleep,Great Ball,Escaped
Poliwag,Common,96,9,None,Ultra Ball,Caught
Snorlax,Rare,80,89,None,Poke Ball,Escaped
Geodude,Common,3,70,None,Ultra Ball,Caught
Sentret,Common,69,31,Paralyze,Great Ball,Escaped
Bidoof,Common,50,59,Poison,Great Ball,Escaped
Beldum,Rare,10,61,None,Poke Ball,Escaped
Dialga,Legendary,50,25,Paralyze,Great Ball,Escaped
Pidgey,Common,15,56,Paralyze,Ultra Ball,Caught
Pidgey,Common,32,56,None,Poke Ball,Escaped
Larvitar,Rare,59,56,None,Poke Ball,Escaped
Caterpie,Common,94,84,None,Great Ball,Escaped
Beldum,Rare,79,36,Paralyze,Great Ball,Escaped
Zubat,Common,46,47,Paralyze,Great Ball,Escaped
Gyarados,Rare,97,51,Sleep,Poke Ball,Escaped
Bidoof,Common,5,82,Sleep,Poke Ball,Escaped
Bidoof,Common,57,97,Poison,Great Ball,Escaped
Gible,Rare,33,40,None,Poke Ball,Escaped
Sentret,Common,38,40,None,Ultra Ball,Escaped
Caterpie,Common,65,77,Paralyze,Poke Ball,Escaped
Arcanine,Rare,12,20,Paralyze,Poke Ball,Caught
Bidoof,Common,21,59,None,Poke Ball,Escaped
Bidoof,Common,96,16,None,Great Ball,Escaped
Weedle,Common,45,50,Sleep,Ultra Ball,Caught
Poliwag,Common,93,88,Paralyze,Ultra Ball,Caught
Sentret,Common,92,34,None,Ultra Ball,Caught
Pidgey,Common,12,72,None,Poke Ball,Escaped
Aerodactyl,Rare,70,88,Poison,Great Ball,Escaped
Snorlax,Rare,51,35,None,Poke Ball,Escaped
Weedle,Common,34,20,None,Great Ball,Caught
Beldum,Rare,12,31,None,Poke Ball,Escaped
Aerodactyl,Rare,89,18,None,Great Ball,Escaped
Oddish,Common,6,96,Sleep,Great Ball,Caught
Chansey,Rare,60,26,Sleep,Poke Ball,Escaped
Caterpie,Common,91,41,None,Great Ball,Escaped
Zubat,Common,34,34,Poison,Great Ball,Escaped
Geodude,Common,14,17,Sleep,Great Ball,Caught
Magikarp,Common,45,2,None,Ultra Ball,Caught
Dratini,Rare,48,66,Sleep,Great Ball,Escaped
Gible,Rare,78,4,None,Ultra Ball,Caught
Larvitar,Rare,66,56,None,Great Ball,Escaped
Geodude,Common,49,18,Poison,Poke Ball,Escaped
Geodude,Common,1,99,Poison,Great Ball,Escaped
Lugia,Legendary,56,9,Sleep,Ultra Ball,Escaped
Caterpie,Common,64,32,Paralyze,Great Ball,Caught
Zigzagoon,Common,2,42,None,Great Ball,Escaped
Dialga,Legendary,48,64,Paralyze,Great Ball,Escaped
Zigzagoon,Common,94,75,Sleep,Great Ball,Escaped
Caterpie,Common,27,33,Poison,Poke Ball,Escaped
Bagon,Rare,3,44,None,Poke Ball,Escaped
Mewtwo,Legendary,21,48,Sleep,Great Ball,Escaped
Geodude,Common,17,1,Paralyze,Ultra Ball,Caught
Zubat,Common,29,33,Paralyze,Great Ball,Caught
Magikarp,Common,76,78,None,Great Ball,Escaped
Mewtwo,Legendary,37,91,Poison,Poke Ball,Escaped
Bidoof,Common,73,79,None,Poke Ball,Escaped
Oddish,Common,90,18,Sleep,Great Ball,Caught
Groudon,Legendary,17,49,Sleep,Poke Ball,Escaped
Beldum,Rare,81,6,None,Great Ball,Escaped
Rattata,Common,39,34,None,Great Ball,Escaped
Zigzagoon,Common,20,73,None,Great Ball,Escaped
Pidgey,Common,76,61,None,Great Ball,Escaped
Beldum,Rare,98,30,Sleep,Great Ball,Escaped
Pidgey,Common,90,82,Sleep,Ultra Ball,Caught
Zapdos,Legendary,25,79,None,Great Ball,Escaped
Oddish,Common,33,41,Sleep,Ultra Ball,Caught
Beldum,Rare,26,38,Poison,Great Ball,Escaped
Zigzagoon,Common,49,92,None,Ultra Ball,Escaped
Bidoof,Common,13,96,None,Great Ball,Escaped
Chansey,Rare,55,33,Paralyze,Poke Ball,Escaped
Poliwag,Common,49,92,Sleep,Poke Ball,Escaped
Weedle,Common,15,38,Paralyze,Ultra Ball,Caught
Poliwag,Common,93,9,None,Great Ball,Escaped
Magikarp,Common,21,79,None,Ultra Ball,Caught
Geodude,Common,45,80,None,Great Ball,Escaped
Pidgey,Common,53,91,Sleep,Poke Ball,Escaped
Oddish,Common,40,92,Sleep,Great Ball,Caught
Bidoof,Common,40,93,None,Ultra Ball,Escaped
Rattata,Common,43,20,Paralyze,Poke Ball,Caught
Arcanine,Rare,6,81,Paralyze,Poke Ball,Escaped
Beldum,Rare,84,27,Poison,Poke Ball,Escaped
Magikarp,Common,45,63,None,Poke Ball,Escaped
Dratini,Rare,20,15,None,Ultra Ball,Escaped
Articuno,Legendary,20,22,Paralyze,Great Ball,Escaped
Weedle,Common,58,4,Sleep,Poke Ball,Escaped
Lapras,Rare,100,82,Sleep,Poke Ball,Escaped
Sentret,Common,79,69,Sleep,Poke Ball,Escaped
Gyarados,Rare,100,43,Paralyze,Poke Ball,Escaped
Dratini,Rare,98,53,None,Poke Ball,Escaped
Dialga,Legendary,42,74,None,Great Ball,Escaped
Caterpie,Common,59,79,Sleep,Great Ball,Caught
Pidgey,Common,95,27,Poison,Poke Ball,Escaped
Oddish,Common,12,43,None,Ultra Ball,Caught
Oddish,Common,98,28,None,Ultra Ball,Escaped
Pidgey,Common,79,38,None,Ultra Ball,Escaped
Weedle,Common,75,58,None,Great Ball,Escaped
Bidoof,Common,58,40,Poison,Great Ball,Escaped
Dratini,Rare,31,47,Sleep,Poke Ball,Escaped
Bidoof,Common,52,36,Sleep,Ultra Ball,Caught
Zapdos,Legendary,9,47,None,Poke Ball,Escaped
Rayquaza,Legendary,64,25,None,Ultra Ball,Escaped
Sentret,Common,24,79,None,Ultra Ball,Escaped
Zubat,Common,60,63,Sleep,Poke Ball,Escaped
Weedle,Common,34,95,Poison,Ultra Ball,Caught
Chansey,Rare,62,55,Paralyze,Great Ball,Escaped
Oddish,Common,49,61,Sleep,Great Ball,Escaped
Sentret,Common,41,61,None,Ultra Ball,Escaped
Zubat,Common,38,99,None,Great Ball,Escaped
Pidgey,Common,56,48,Poison,Ultra Ball,Caught
Bidoof,Common,1,20,None,Ultra Ball,Caught
Zubat,Common,74,68,Paralyze,Ultra Ball,Escaped
Zubat,Common,28,88,Sleep,Great Ball,Escaped
Weedle,Common,2,45,None,Ultra Ball,Caught
Bidoof,Common,74,97,Paralyze,Poke Ball,Escaped
Caterpie,Common,88,81,Poison,Great Ball,Escaped
Oddish,Common,25,96,Sleep,Great Ball,Escaped
Gyarados,Rare,13,97,Paralyze,Poke Ball,Escaped
Poliwag,Common,48,66,None,Great Ball,Escaped
Larvitar,Rare,58,50,Sleep,Great Ball,Escaped
Lapras,Rare,33,96,Sleep,Poke Ball,Escaped
Gyarados,Rare,73,44,Sleep,Ultra Ball,Escaped
Arceus,Legendary,62,57,None,Great Ball,Escaped
Aerodactyl,Rare,55,61,Poison,Ultra Ball,Escaped
Scyther,Rare,73,32,None,Ultra Ball,Escaped
Snorlax,Rare,84,97,Sleep,Ultra Ball,Escaped
Snorlax,Rare,36,2,Paralyze,Ultra Ball,Caught
Snorlax,Rare,65,70,None,Poke Ball,Escaped
Zigzagoon,Common,15,40,Paralyze,Great Ball,Caught
Zigzagoon,Common,6,5,None,Ultra Ball,Caught
Ho-Oh,Legendary,43,79,Paralyze,Ultra Ball,Escaped
Zubat,Common,33,5,Sleep,Ultra Ball,Caught
Pidgey,Common,59,32,None,Poke Ball,Escaped
Oddish,Common,18,93,Paralyze,Poke Ball,Escaped
Pidgey,Common,36,92,Sleep,Poke Ball,Escaped
Pidgey,Common,47,55,Sleep,Great Ball,Escaped
Sentret,Common,68,92,None,Poke Ball,Escaped
Rattata,Common,59,20,None,Ultra Ball,Caught
Poliwag,Common,27,88,Sleep,Poke Ball,Escaped
Poliwag,Common,52,96,None,Poke Ball,Escaped
Gyarados,Rare,9,3,None,Great Ball,Caught
Rayquaza,Legendary,65,3,Sleep,Poke Ball,Escaped
Scyther,Rare,58,83,None,Ultra Ball,Escaped
Oddish,Common,63,98,None,Ultra Ball,Caught
Zigzagoon,Common,58,4,Poison,Poke Ball,Escaped
Aerodactyl,Rare,86,9,Sleep,Ultra Ball,Caught
Snorlax,Rare,89,77,Paralyze,Ultra Ball,Escaped
Beldum,Rare,31,40,None,Great Ball,Escaped
Zubat,Common,49,86,None,Poke Ball,Escaped
Bagon,Rare,13,16,Poison,Great Ball,Caught
Bidoof,Common,57,55,None,Ultra Ball,Escaped
Weedle,Common,76,4,Paralyze,Ultra Ball,Caught
Weedle,Common,98,69,None,Great Ball,Escaped
Poliwag,Common,37,100,Paralyze,Great Ball,Caught
Poliwag,Common,75,87,None,Poke Ball,Escaped
Caterpie,Common,13,13,Paralyze,Poke Ball,Caught
Zubat,Common,44,27,None,Great Ball,Caught
Gyarados,Rare,63,81,Paralyze,Poke Ball,Escaped
Kyogre,Legendary,23,95,None,Great Ball,Escaped
Bidoof,Common,45,18,None,Ultra Ball,Caught
Arcanine,Rare,55,9,Paralyze,Poke Ball,Caught
Dratini,Rare,70,81,None,Poke Ball,Escaped
Rattata,Common,71,26,Sleep,Ultra Ball,Caught
Beldum,Rare,36,9,None,Poke Ball,Escaped
Chansey,Rare,27,96,None,Ultra Ball,Escaped
